method,fold,subject,accuracy,macro_precision_19,macro_recall_19,macro_f1_19,background_f1,action_macro_f1,map_at_0.3,map_at_0.4,map_at_0.5,map_at_0.6,map_at_0.7,avg_map
SIGNAL_ADAPTIVE_DWA,1,sbj_0,0.7563987828888491,0.7681105509410991,0.7016102220308104,0.6954178418074584,0.7646870273309135,0.691569553722822,0.7345679012345677,0.7160493827160493,0.625,0.6064814814814814,0.5447530864197531,0.6453703703703703
SIGNAL_ADAPTIVE_DWA,3,sbj_2,0.664702030124427,0.534246008096179,0.5692495665471756,0.5210046519556224,0.7684668619675746,0.507256751399403,0.5259259259259258,0.5135802469135802,0.49814814814814806,0.45262345679012345,0.44182098765432093,0.48641975308641977
SIGNAL_ADAPTIVE_DWA,5,sbj_4,0.7259050305594735,0.7369850622166823,0.7568717520444244,0.7271153149025841,0.7468698773471184,0.7260178392112211,0.8276748971193415,0.8194444444444443,0.7566872427983539,0.6455761316872427,0.5907921810699589,0.7280349794238683
SIGNAL_ADAPTIVE_DWA,7,sbj_6,0.8545454545454545,0.8131650274057355,0.8320788585659286,0.8071749486044535,0.8864190142268461,0.8027725005143204,0.7870370370370371,0.7685185185185185,0.7361111111111112,0.7361111111111112,0.7291666666666666,0.751388888888889
SIGNAL_ADAPTIVE_DWA,9,sbj_8,0.9007618283881316,0.9176277107493557,0.8863624769654379,0.8926135984652824,0.8859468910318563,0.8929839711004727,0.9259259259259259,0.9259259259259259,0.9074074074074073,0.8518518518518517,0.8148148148148149,0.8851851851851852
SIGNAL_ADAPTIVE_DWA,11,sbj_10,0.6472138554216867,0.5790424786999314,0.7029720501782893,0.5934273655211891,0.6949943795578316,0.5877847536302645,0.6045267489711934,0.5860082304526749,0.5489711934156379,0.5042181069958848,0.5042181069958848,0.5495884773662552
SIGNAL_ADAPTIVE_DWA,13,sbj_12,0.8927296828795758,0.9096293578523985,0.8606217760311298,0.8574337464947481,0.9129949371161542,0.8543470136824478,0.7870370370370369,0.7716049382716049,0.7654320987654321,0.7253086419753085,0.7129629629629629,0.752469135802469
SIGNAL_ADAPTIVE_DWA,15,sbj_14,0.8747916666666667,0.8445991580322381,0.9021646533237235,0.8556100349946775,0.8991569719576468,0.8531907607189572,0.9382716049382714,0.9135802469135802,0.9007201646090534,0.8575102880658436,0.8082818930041151,0.8836728395061728
SIGNAL_ADAPTIVE_DWA,17,sbj_16,0.9504132231404959,0.9514730780672475,0.9674843195853486,0.9547090298073845,0.9526147308346662,0.9548253797503135,0.9598765432098766,0.9598765432098766,0.9598765432098766,0.941358024691358,0.941358024691358,0.9524691358024691
NO_SENSOR_RESIZE,1,sbj_0,0.6886820595429867,0.6854612756911965,0.6098353693450514,0.6008646898837231,0.6940901261621581,0.5956854989793655,0.6141975308641975,0.5956790123456789,0.5262345679012346,0.49228395061728397,0.40586419753086417,0.5268518518518519
NO_SENSOR_RESIZE,3,sbj_2,0.7059126204509308,0.5730835730068237,0.5946533527573631,0.5542229268697969,0.7720331603688861,0.5421223583420697,0.5751028806584362,0.5498971193415638,0.5190329218106996,0.5043724279835391,0.49202674897119336,0.5280864197530863
NO_SENSOR_RESIZE,5,sbj_4,0.753434675860628,0.7953613354944103,0.7699121199861287,0.7525753076312838,0.7897712017195005,0.7505088690708274,0.8303497942386832,0.8118312757201646,0.7902263374485597,0.6914609053497943,0.6317901234567901,0.7511316872427983
NO_SENSOR_RESIZE,7,sbj_6,0.8324342324342324,0.801752220316609,0.8037377395345721,0.7831352813254008,0.8646679718099598,0.7786056874095918,0.7808641975308642,0.7376543209876543,0.6658950617283951,0.6658950617283951,0.6473765432098766,0.6995370370370372
NO_SENSOR_RESIZE,9,sbj_8,0.8940122961774927,0.9187440862215221,0.8772672257933815,0.8882735498433941,0.875078692107695,0.8890065974953774,0.9166666666666666,0.8981481481481483,0.8796296296296297,0.8611111111111112,0.8425925925925927,0.8796296296296297
NO_SENSOR_RESIZE,11,sbj_10,0.607764390896921,0.5568440132537434,0.6745369973164954,0.5741196296062703,0.6622304522750131,0.5692245839024513,0.6301440329218106,0.6003086419753086,0.5354938271604938,0.5169753086419754,0.5092592592592592,0.5584362139917695
NO_SENSOR_RESIZE,13,sbj_12,0.9199041500968695,0.9330137417623297,0.908995718063681,0.9051912533499205,0.9283784579318954,0.9039030753175886,0.8179012345679011,0.8179012345679011,0.8024691358024691,0.7932098765432097,0.7870370370370369,0.8037037037037035
NO_SENSOR_RESIZE,15,sbj_14,0.8708333333333332,0.8625345731829953,0.9272348142013401,0.8741472643439133,0.8772596792530987,0.8739743524045144,0.9412037037037037,0.922685185185185,0.922685185185185,0.9165123456790122,0.8718621399176955,0.9149897119341563
NO_SENSOR_RESIZE,17,sbj_16,0.9323168994015388,0.904228504038835,0.9309627795837881,0.9060504699003912,0.9567046742758573,0.9032363474350875,0.9475308641975309,0.9290123456790123,0.9228395061728394,0.8858024691358025,0.8858024691358025,0.9141975308641975
NO_CONTRACTION,1,sbj_0,0.729550742795776,0.726494643790876,0.6664318673837447,0.6567802706218736,0.726865236119315,0.6528866614275712,0.7283950617283951,0.691358024691358,0.6275720164609053,0.5997942386831275,0.49176954732510286,0.6277777777777778
NO_CONTRACTION,3,sbj_2,0.5790064552343531,0.4473255487784966,0.46360964767503887,0.42021838658431204,0.698928416075232,0.40473449605703865,0.4177211934156378,0.40691872427983533,0.3951131687242799,0.3724279835390946,0.3444444444444444,0.3873251028806584
NO_CONTRACTION,5,sbj_4,0.7520242386250849,0.7631996437030284,0.7661343617808871,0.730477354042593,0.8030058016320792,0.726447995843177,0.8118312757201646,0.7933127572016461,0.7470164609053497,0.6389917695473251,0.5664609053497942,0.7115226337448558
NO_CONTRACTION,7,sbj_6,0.8344988344988344,0.808578042172038,0.8118465185175667,0.7864090031283939,0.8686513008678413,0.7818399865873134,0.7870370370370371,0.7592592592592592,0.6967592592592592,0.6828703703703703,0.664351851851852,0.7180555555555556
NO_CONTRACTION,9,sbj_8,0.8910050788559207,0.8711813184483037,0.8765710222433291,0.8662050275630994,0.8953486938953897,0.8645859349890834,0.8796296296296297,0.8796296296296297,0.8796296296296297,0.8611111111111112,0.8611111111111112,0.8722222222222222
NO_CONTRACTION,11,sbj_10,0.6027861445783133,0.5410435018345625,0.6658121736082175,0.5589758042552765,0.6547596804896437,0.5536544777978115,0.566872427983539,0.543724279835391,0.5252057613168725,0.48816872427983543,0.46965020576131683,0.5187242798353909
NO_CONTRACTION,13,sbj_12,0.9002753135515449,0.9246083480879412,0.9124212468848607,0.9018570190977099,0.8959489396039068,0.9021852457362546,0.8395061728395062,0.8302469135802468,0.8117283950617283,0.7623456790123457,0.7438271604938271,0.7975308641975308
NO_CONTRACTION,15,sbj_14,0.8692708333333333,0.8849543270850214,0.9306956938796179,0.8883183978537845,0.8670628639244221,0.8894992608498602,0.9758230452674895,0.9758230452674895,0.9027777777777777,0.9027777777777777,0.8522376543209876,0.9218878600823045
NO_CONTRACTION,17,sbj_16,0.9259998100123492,0.9214424296902871,0.9426151723736282,0.9196248697637341,0.9380085151737569,0.9186035561298439,0.9506172839506172,0.9506172839506172,0.9423868312757202,0.9284979423868314,0.8729423868312757,0.9290123456790124
