family,comparator,metric,n_subjects,n_seeds,mean_difference,ci95_low,ci95_high,t_statistic,p_two_sided,wins,ties,losses,p_holm_family,family_test_count
baseline,VIDEO_ONLY,macro_f1_19,18,3,0.11011787645346197,0.04102643496864462,0.17920931793827932,3.362622144603499,0.0036947802311943253,14,0,4,0.02216868138716595,8
baseline,VIDEO_ONLY,map_at_0.5,18,3,0.11317411012627063,0.03956668123333719,0.18678153901920408,3.2439185031055615,0.004774024985479196,14,0,4,0.02387012492739598,8
baseline,EARLY_CONCAT,macro_f1_19,18,3,0.047191072481958606,0.021651307944726216,0.072730837019191,3.898409467007572,0.0011556758792066947,17,0,1,0.009245407033653558,8
baseline,EARLY_CONCAT,map_at_0.5,18,3,0.03768853288915017,0.01632495195642849,0.059052113821871845,3.722028345604561,0.0016947978079832236,16,0,2,0.011863584655882565,8
baseline,FIXED_WINDOW_ATTENTION,macro_f1_19,18,3,0.027431607053225286,-0.0023589508125538526,0.05722216491900442,1.9427508590692042,0.06879768205945704,12,0,6,0.22190725771423767,8
baseline,FIXED_WINDOW_ATTENTION,map_at_0.5,18,3,0.03080663335292965,-0.0008070206209388475,0.06242028732679815,2.0559570558446505,0.055476814428559416,14,0,4,0.22190725771423767,8
baseline,FINAL_MODEL,macro_f1_19,18,3,0.0020099678279702896,-0.01949496796054324,0.023514903616483823,0.19719479639926718,0.8460135601008092,8,0,10,1.0,8
baseline,FINAL_MODEL,map_at_0.5,18,3,0.0034480476003844554,-0.016055146409928535,0.022951241610697448,0.3730027264536603,0.7137565179560799,9,0,9,1.0,8
retrained_components,NO_SENSOR_RESIZE,macro_f1_19,9,3,0.007325128866589546,-0.027233574390014625,0.041883832123193715,0.4887850487859633,0.638111069617457,5,0,4,1.0,8
retrained_components,NO_SENSOR_RESIZE,map_at_0.5,9,3,0.01487197073616827,-0.022026657445448482,0.05177059891778502,0.929433632259678,0.37985478900516,5,0,4,1.0,8
retrained_components,NO_CONTRACTION,macro_f1_19,9,3,0.019515599960291473,-0.013572879136811607,0.05260407905739455,1.3600822835451039,0.21088947901799132,6,0,3,1.0,8
retrained_components,NO_CONTRACTION,map_at_0.5,9,3,0.018907178783721997,-0.011884493313731564,0.04969885088117556,1.4159683281348359,0.19451888758717245,6,0,3,1.0,8
frozen_components,PARENT_NO_PROBE,macro_f1_19,18,3,0.0024310128280212767,0.0015034334619227789,0.0033585921941197746,5.529433838146574,3.677009075699963e-05,17,0,1,0.0001470803630279985,4
frozen_components,PARENT_NO_PROBE,map_at_0.5,18,3,-3.266052648768595e-05,-0.005899249821712538,0.0058339287687371654,-0.011745783469117381,0.990765179400104,9,3,6,1.0,4
frozen_components,ROUND0,macro_f1_19,18,3,0.0015165257508361115,-0.006572548585916297,0.00960560008758852,0.39554459757675514,0.6973606612992986,9,0,9,1.0,4
frozen_components,ROUND0,map_at_0.5,18,3,-0.0013035632634398114,-0.012304211348688851,0.009697084821809226,-0.25001055015879187,0.8055753772764619,7,2,9,1.0,4
baseline_excluding_pilot,VIDEO_ONLY,macro_f1_19,17,3,0.10435045974759449,0.03186840340293333,0.17683251609225564,3.051970428973189,0.007607350653924499,13,0,4,0.045644103923546994,8
baseline_excluding_pilot,VIDEO_ONLY,map_at_0.5,17,3,0.10957360389549933,0.03154663625729076,0.1876005715337079,2.9769920654851445,0.00889616776521733,13,0,4,0.045644103923546994,8
baseline_excluding_pilot,EARLY_CONCAT,macro_f1_19,17,3,0.04617463143617284,0.019052195133473112,0.07329706773887257,3.6090358837482635,0.0023538479985175465,16,0,1,0.017758869268777715,8
baseline_excluding_pilot,EARLY_CONCAT,map_at_0.5,17,3,0.038816180793304976,0.01618994013227835,0.0614424214543316,3.6367785789968017,0.0022198586585972144,15,0,2,0.017758869268777715,8
baseline_excluding_pilot,FIXED_WINDOW_ATTENTION,macro_f1_19,17,3,0.026342972215990704,-0.005311292990212664,0.05799723742219407,1.7642047930705576,0.09677751751251547,11,0,6,0.32394910096985174,8
baseline_excluding_pilot,FIXED_WINDOW_ATTENTION,map_at_0.5,17,3,0.02948697997717606,-0.004073802584180185,0.06304776253853231,1.862578889433181,0.08098727524246294,13,0,4,0.32394910096985174,8
baseline_excluding_pilot,FINAL_MODEL,macro_f1_19,17,3,-0.003542299036022635,-0.022762110922056905,0.015677512850011635,-0.39070822037266606,0.7011660747070584,7,0,10,1.0,8
baseline_excluding_pilot,FINAL_MODEL,map_at_0.5,17,3,-0.0027156232863515834,-0.018206005592290866,0.012774759019587701,-0.3716411952736258,0.7150357080030894,8,0,9,1.0,8
components_excluding_pilot,NO_SENSOR_RESIZE,macro_f1_19,8,3,-0.0035783740155536665,-0.03114501689493293,0.023988268863825594,-0.3069474224870935,0.7678131622045304,4,0,4,1.0,8
components_excluding_pilot,NO_SENSOR_RESIZE,map_at_0.5,8,3,0.004385288065843624,-0.028019375421329908,0.036789951553017154,0.3200020427559368,0.7583065602442405,4,0,4,1.0,8
components_excluding_pilot,NO_CONTRACTION,macro_f1_19,8,3,0.01712535355712981,-0.020809658977054793,0.055060366091314414,1.0674841955514942,0.32117894306313566,5,0,3,1.0,8
components_excluding_pilot,NO_CONTRACTION,map_at_0.5,8,3,0.021592078189300406,-0.013478729825125584,0.05666288620372639,1.4558304932040786,0.18877649453827144,6,0,2,1.0,8
