method,seed,concat_macro_f1,accuracy,macro_precision_19,macro_recall_19,macro_f1_19,background_f1,action_macro_f1,map_at_0.3,map_at_0.4,map_at_0.5,map_at_0.6,map_at_0.7,avg_map
VIDEO_ONLY,41,0.6746077195591696,0.734791068039933,0.6641475378166519,0.6620802198538909,0.6302153358194366,0.8091979915458228,0.6202718549457485,0.6507872914122913,0.6313514203560499,0.5878843421667495,0.5581252894910302,0.5211739863360233,0.5898644659524288
VIDEO_ONLY,47,0.6843984484668831,0.7420048073766207,0.6645126668948761,0.6604039272523612,0.6305303318601903,0.8140963836113886,0.6203322178740127,0.6435871056241427,0.6305727023319616,0.599605624142661,0.5794924554183813,0.5421982167352538,0.5990912208504802
VIDEO_ONLY,53,0.7118738181619664,0.761535892927593,0.7084128106545575,0.6933442722765463,0.6649637159199869,0.8279996499807852,0.6559061640277203,0.6801134136782285,0.6491941015089163,0.6294753086419753,0.6056412894375858,0.5815929355281206,0.6292034097589654
EARLY_CONCAT,41,0.7210590382158146,0.7609112491553839,0.7109279113627829,0.7262228083981983,0.6858206414518176,0.8210064391599582,0.6783103193569209,0.7029027042915932,0.6938663531256124,0.6508107975700568,0.6306682343719381,0.6067362335880854,0.656996864589457
EARLY_CONCAT,47,0.7438012076674198,0.7724414613005064,0.7294798092634804,0.73110508165979,0.7085230386093956,0.8124360752475047,0.7027500921295007,0.7400132275132275,0.7210831863609641,0.692190868116794,0.6499387615128355,0.6145306682343719,0.6835513423476386
EARLY_CONCAT,53,0.7679235803645339,0.7867877593221849,0.7408211334144919,0.742494170665908,0.7201461154529107,0.8124519497976767,0.715018013544868,0.7370478150107779,0.7207515187144816,0.7004203409758964,0.666971879286694,0.6355075445816186,0.6921398197138937
FIXED_WINDOW_ATTENTION,41,0.7500077654068175,0.7787454944597204,0.7360761530526531,0.7416430144401733,0.71501409101746,0.8225167103761387,0.7090417232753112,0.7278096217911033,0.712806192435822,0.6839996080736821,0.658757103664511,0.6260067607289829,0.6818758573388203
FIXED_WINDOW_ATTENTION,47,0.7663057518124016,0.7860262020946506,0.7571122566947821,0.7395386550062455,0.7233302886033308,0.8110598014852889,0.7184564267765553,0.7407027728786988,0.7210525671173819,0.6750134724671761,0.6531513325494805,0.6201964530668236,0.6820233196159121
FIXED_WINDOW_ATTENTION,53,0.7741171745335067,0.7880352204002841,0.7643117534735089,0.7512770769468159,0.735423812179533,0.8063779312423834,0.7314819166760413,0.7464040760337055,0.7284342543601803,0.7050546247305507,0.6789486576523613,0.6410628551832255,0.6999808935920047
FINAL_MODEL,41,0.7697355505243996,0.7952207911459764,0.7590115045136119,0.7790027205807805,0.7459681343837133,0.8283758752600243,0.7413899265572517,0.757475644578819,0.7418720780493265,0.7086930657036477,0.6913188320595727,0.6546626984126983,0.7108044637608129
FINAL_MODEL,47,0.7636216089965954,0.7917519066778735,0.7647508531635313,0.7633577568629974,0.7395526034815828,0.8244992058965043,0.734833347791865,0.7612862531844014,0.7409030227317265,0.7112390995492848,0.6796247305506564,0.652906378600823,0.7091918969233784
FINAL_MODEL,53,0.7910582162972083,0.8153887079995977,0.7943402217839873,0.7827616582507628,0.7645123716107928,0.8452901499232952,0.7600247172600981,0.777608759553204,0.7578042328042327,0.7262112972761121,0.6948326964530668,0.6655882569077013,0.7244090485988635
SIGNAL_ADAPTIVE_DWA,41,0.787666540033606,0.8081738734817934,0.7703410177380704,0.7955121251083362,0.761921224675788,0.8361404413514603,0.757797934860473,0.7850063688026652,0.7689312659220067,0.7342090436997845,0.7048880560454635,0.6760839212228101,0.733823731138546
SIGNAL_ADAPTIVE_DWA,47,0.773897643313172,0.7984242563333002,0.7822617045777318,0.7562551183690898,0.7404620880261965,0.8288915486515995,0.7355493402136742,0.7542132079169116,0.7300362531844012,0.6989148540074465,0.6616941015089162,0.6325274348422495,0.6954771702919851
SIGNAL_ADAPTIVE_DWA,53,0.781715772182307,0.8053925070214447,0.7801417263769511,0.7703942925205496,0.753679700258015,0.8361960833239124,0.7490954567543541,0.7682025279247502,0.7524274936311974,0.7233637076229669,0.6797337350578091,0.6505376739173035,0.7148530276308054
PARENT_NO_PROBE,41,0.7867243476328588,0.8060645910506969,0.771087895835816,0.7916368497103512,0.7599296317049045,0.8308182013768701,0.7559913778342396,0.779193611601019,0.7636329120125417,0.7281390848520479,0.7038335292964922,0.6723061189496374,0.7294210513423477
PARENT_NO_PROBE,47,0.7725651383923937,0.7953756133500547,0.7779557687878161,0.7511323270788722,0.7371299129982775,0.8230025911512141,0.7323592086564475,0.7552248677248676,0.7307049774642366,0.7026699980403683,0.6684327846364883,0.636556927297668,0.6987179110327258
PARENT_NO_PROBE,53,0.780452841286746,0.8032664876899367,0.7817779954494137,0.766053506894084,0.7517104297727539,0.8325862809625002,0.7472173269288792,0.770152361356065,0.7522682735645698,0.7257765040172446,0.6819971095434059,0.6459766313932981,0.7152341759749166
ROUND0,41,0.7859685066361631,0.8044250238942006,0.772063758888063,0.7892538579232329,0.7592209743212447,0.8304038036074427,0.7552663726942337,0.7815059768763473,0.7668883499902018,0.7394596315892614,0.6953238291201254,0.670825372330002,0.7308006319811874
ROUND0,47,0.7706835837246419,0.7942931795030106,0.7757873018747882,0.7485864086061533,0.7339243000115251,0.8234182201193212,0.7289524155610921,0.7464187732706251,0.7207206545169507,0.6865863217715069,0.6667817950225357,0.6251886145404665,0.6891392318244169
ROUND0,53,0.7858002640690084,0.8065456458075592,0.7931695751188212,0.7738426062114294,0.7583681613747215,0.833596930937337,0.7541887852879094,0.7691260043111894,0.7613585145992553,0.7343523417597492,0.699698706643151,0.6576584852047814,0.7244388105036252
