method,seed,fold,subject,round,initial_mean_tokens,selected_mean_tokens,shrink_fraction,expand_fraction,same_length_fraction,stable_fraction
SIGNAL_ADAPTIVE_DWA,41,1,sbj_0,0,8.996420261320923,16.586182208698766,0.40612135314122066,0.5287274028995883,0.06515124395919097,0.5550384821908001
SIGNAL_ADAPTIVE_DWA,41,1,sbj_0,1,127.10989797744764,74.52890638983354,0.6531233219974942,0.2126364775371398,0.13424020046536603,0.6425630928942188
SIGNAL_ADAPTIVE_DWA,41,2,sbj_1,0,8.996398991717681,16.972632337054375,0.310586964350018,0.5734605689593086,0.11595246669067338,0.5064818149081743
SIGNAL_ADAPTIVE_DWA,41,2,sbj_1,1,124.33381346777098,71.96687072380267,0.5707598127475694,0.2185812027367663,0.2106589845156644,0.5918257111991357
SIGNAL_ADAPTIVE_DWA,41,3,sbj_2,0,8.997193376368228,14.732809430255402,0.45593600898119563,0.4710917765927589,0.07297221442604547,0.630367667695762
SIGNAL_ADAPTIVE_DWA,41,3,sbj_2,1,126.65646926747124,69.48666853774908,0.6580129104687061,0.16559079427448778,0.17639629525680606,0.6966039854055571
SIGNAL_ADAPTIVE_DWA,41,4,sbj_3,0,8.997601918465227,12.308033573141486,0.5557553956834532,0.36235011990407673,0.08189448441247002,0.7520383693045564
SIGNAL_ADAPTIVE_DWA,41,4,sbj_3,1,136.4482014388489,81.72074340527578,0.5077937649880095,0.29916067146282976,0.19304556354916066,0.6781774580335731
SIGNAL_ADAPTIVE_DWA,41,5,sbj_4,0,8.996865695032126,13.786240401191035,0.4731233349004858,0.4292430653502586,0.0976335997492556,0.6585174737501959
SIGNAL_ADAPTIVE_DWA,41,5,sbj_4,1,144.09763359974926,88.29399780598652,0.5981821031186334,0.19056574204670115,0.21125215483466542,0.6470772606174581
SIGNAL_ADAPTIVE_DWA,41,6,sbj_5,0,8.99534775529193,16.78041404977902,0.35822284252151665,0.5357059781344499,0.1060711793440335,0.6157245871132822
SIGNAL_ADAPTIVE_DWA,41,6,sbj_5,1,120.7985578041405,70.29937194696441,0.5650151197953013,0.22423819492905328,0.2107466852756455,0.7183065829262619
SIGNAL_ADAPTIVE_DWA,41,7,sbj_6,0,8.996003996003996,15.886913086913086,0.4003996003996004,0.5026973026973027,0.0969030969030969,0.6501498501498502
SIGNAL_ADAPTIVE_DWA,41,7,sbj_6,1,163.6893106893107,84.15784215784215,0.6325674325674325,0.3132867132867133,0.05414585414585415,0.60999000999001
SIGNAL_ADAPTIVE_DWA,41,8,sbj_7,0,8.996493688639552,13.080294530154278,0.520687237026648,0.42514025245441794,0.05417251051893408,0.6725105189340813
SIGNAL_ADAPTIVE_DWA,41,8,sbj_7,1,124.55995792426367,69.3085553997195,0.6642706872370266,0.18110098176718092,0.15462833099579243,0.7070476858345021
SIGNAL_ADAPTIVE_DWA,41,9,sbj_8,0,8.99599037690457,14.36046511627907,0.5004009623095429,0.42622293504410586,0.07337610264635125,0.659382518043304
SIGNAL_ADAPTIVE_DWA,41,9,sbj_8,1,142.41980753809142,81.32638331996792,0.6331194867682438,0.2592221331194868,0.10765838011226944,0.6605854049719326
SIGNAL_ADAPTIVE_DWA,41,10,sbj_9,0,8.995381062355658,17.16581986143187,0.32678983833718245,0.564203233256351,0.10900692840646652,0.5600461893764435
SIGNAL_ADAPTIVE_DWA,41,10,sbj_9,1,207.7039260969977,90.48591224018476,0.6963048498845266,0.1510392609699769,0.15265588914549655,0.5748267898383372
SIGNAL_ADAPTIVE_DWA,41,11,sbj_10,0,8.997489959839358,14.203564257028113,0.4466616465863454,0.44289658634538154,0.11044176706827309,0.6548694779116466
SIGNAL_ADAPTIVE_DWA,41,11,sbj_10,1,143.24196787148594,77.95582329317268,0.666039156626506,0.1495983935742972,0.18436244979919678,0.7104668674698795
SIGNAL_ADAPTIVE_DWA,41,12,sbj_11,0,8.995497523638,15.617739756866277,0.41625393966681673,0.4975236380009005,0.08622242233228275,0.5988293561458803
SIGNAL_ADAPTIVE_DWA,41,12,sbj_11,1,166.13642503376857,82.60490769923457,0.6006303466906798,0.2573165240882485,0.14205312922107158,0.580144079243584
SIGNAL_ADAPTIVE_DWA,41,13,sbj_12,0,8.99694096053839,14.384215356378098,0.4831752829611502,0.4297950443560722,0.08702967268277761,0.6824717038849801
SIGNAL_ADAPTIVE_DWA,41,13,sbj_12,1,161.00581217497705,105.27133680024473,0.5549097583358825,0.28494952584888344,0.160140715815234,0.6527990211073723
SIGNAL_ADAPTIVE_DWA,41,14,sbj_13,0,8.997485541865728,12.197636409353784,0.5358310284133769,0.37729444304752324,0.08687452853909983,0.6991450842343475
SIGNAL_ADAPTIVE_DWA,41,14,sbj_13,1,160.10082977118432,112.64910736736233,0.5135780739250692,0.19021875785768166,0.2962031682172492,0.6770178526527534
SIGNAL_ADAPTIVE_DWA,41,15,sbj_14,0,8.996875,14.5465625,0.43859375,0.455,0.10640625,0.634375
SIGNAL_ADAPTIVE_DWA,41,15,sbj_14,1,126.5871875,73.48734375,0.5803125,0.17328125,0.24640625,0.72234375
SIGNAL_ADAPTIVE_DWA,41,16,sbj_15,0,8.996156802459646,13.327248270561107,0.48481936971560335,0.39488854727132977,0.12029208301306688,0.7111837048424289
SIGNAL_ADAPTIVE_DWA,41,16,sbj_15,1,167.65718677940046,63.92697924673328,0.7813220599538816,0.1254803996925442,0.09319754035357418,0.7111837048424289
SIGNAL_ADAPTIVE_DWA,41,17,sbj_16,0,8.99715018523796,14.6548874323169,0.44001139925904814,0.45468794528355655,0.10530065545739527,0.6520376175548589
SIGNAL_ADAPTIVE_DWA,41,17,sbj_16,1,171.87090339127957,120.54032487888287,0.6033057851239669,0.14933029353092048,0.24736392134511256,0.7616129951553149
SIGNAL_ADAPTIVE_DWA,41,18,sbj_17,0,8.996763754045308,10.944012944983818,0.5420711974110033,0.3419093851132686,0.11601941747572815,0.7359223300970874
SIGNAL_ADAPTIVE_DWA,41,18,sbj_17,1,127.79093851132686,52.42022653721683,0.698220064724919,0.1454692556634304,0.1563106796116505,0.7412621359223301
SIGNAL_ADAPTIVE_DWA,47,1,sbj_0,0,8.996420261320923,16.586182208698766,0.40612135314122066,0.5287274028995883,0.06515124395919097,0.5550384821908001
SIGNAL_ADAPTIVE_DWA,47,1,sbj_0,1,126.18346160730266,70.65491319133703,0.6695901199212457,0.20708788258457134,0.12332199749418292,0.6796133882226597
SIGNAL_ADAPTIVE_DWA,47,2,sbj_1,0,8.996398991717681,16.972632337054375,0.310586964350018,0.5734605689593086,0.11595246669067338,0.5064818149081743
SIGNAL_ADAPTIVE_DWA,47,2,sbj_1,1,119.52502700756212,74.26881526827512,0.5361901332373065,0.27601728483975513,0.18779258192293843,0.5306085703997119
SIGNAL_ADAPTIVE_DWA,47,3,sbj_2,0,8.997193376368228,14.732809430255402,0.45593600898119563,0.4710917765927589,0.07297221442604547,0.630367667695762
SIGNAL_ADAPTIVE_DWA,47,3,sbj_2,1,96.82009542520348,67.24305360651137,0.523014313780522,0.234914397979231,0.24207128824024698,0.6484703901206849
SIGNAL_ADAPTIVE_DWA,47,4,sbj_3,0,8.997601918465227,12.308033573141486,0.5557553956834532,0.36235011990407673,0.08189448441247002,0.7520383693045564
SIGNAL_ADAPTIVE_DWA,47,4,sbj_3,1,356.889448441247,144.1363309352518,0.689568345323741,0.18213429256594724,0.12829736211031176,0.5685851318944845
SIGNAL_ADAPTIVE_DWA,47,5,sbj_4,0,8.996865695032126,13.786240401191035,0.4731233349004858,0.4292430653502586,0.0976335997492556,0.6585174737501959
SIGNAL_ADAPTIVE_DWA,47,5,sbj_4,1,157.02789531421408,96.98965679360602,0.5729509481272528,0.1156558533145275,0.31139319855821973,0.6803008932769159
SIGNAL_ADAPTIVE_DWA,47,6,sbj_5,0,8.99534775529193,16.78041404977902,0.35822284252151665,0.5357059781344499,0.1060711793440335,0.6157245871132822
SIGNAL_ADAPTIVE_DWA,47,6,sbj_5,1,126.76878343800884,79.93440334961619,0.5108164689462665,0.24168411258432193,0.24749941846941148,0.7169109095138404
SIGNAL_ADAPTIVE_DWA,47,7,sbj_6,0,8.996003996003996,15.886913086913086,0.4003996003996004,0.5026973026973027,0.0969030969030969,0.6501498501498502
SIGNAL_ADAPTIVE_DWA,47,7,sbj_6,1,159.42997002997004,91.37042957042956,0.6111888111888112,0.3204795204795205,0.06833166833166833,0.5994005994005994
SIGNAL_ADAPTIVE_DWA,47,8,sbj_7,0,8.996493688639552,13.080294530154278,0.520687237026648,0.42514025245441794,0.05417251051893408,0.6725105189340813
SIGNAL_ADAPTIVE_DWA,47,8,sbj_7,1,146.9319775596073,88.73702664796635,0.7210729312762973,0.11360448807854137,0.16532258064516128,0.783835904628331
SIGNAL_ADAPTIVE_DWA,47,9,sbj_8,0,8.99599037690457,14.36046511627907,0.5004009623095429,0.42622293504410586,0.07337610264635125,0.659382518043304
SIGNAL_ADAPTIVE_DWA,47,9,sbj_8,1,147.3849238171612,82.7696471531676,0.661186848436247,0.2429831595829992,0.09582999198075381,0.6844426623897354
SIGNAL_ADAPTIVE_DWA,47,10,sbj_9,0,8.995381062355658,17.16581986143187,0.32678983833718245,0.564203233256351,0.10900692840646652,0.5600461893764435
SIGNAL_ADAPTIVE_DWA,47,10,sbj_9,1,186.1732101616628,115.94688221709006,0.5766743648960739,0.25935334872979215,0.16397228637413394,0.5117782909930716
SIGNAL_ADAPTIVE_DWA,47,11,sbj_10,0,8.997489959839358,14.203564257028113,0.4466616465863454,0.44289658634538154,0.11044176706827309,0.6548694779116466
SIGNAL_ADAPTIVE_DWA,47,11,sbj_10,1,136.24899598393574,72.40449297188755,0.6652861445783133,0.1518574297188755,0.18285642570281124,0.7284136546184738
SIGNAL_ADAPTIVE_DWA,47,12,sbj_11,0,8.995497523638,15.617739756866277,0.41625393966681673,0.4975236380009005,0.08622242233228275,0.5988293561458803
SIGNAL_ADAPTIVE_DWA,47,12,sbj_11,1,148.35569563259793,66.65128320576316,0.6389013957676722,0.2854570013507429,0.07564160288158488,0.595002251238181
SIGNAL_ADAPTIVE_DWA,47,13,sbj_12,0,8.99694096053839,14.384215356378098,0.4831752829611502,0.4297950443560722,0.08702967268277761,0.6824717038849801
SIGNAL_ADAPTIVE_DWA,47,13,sbj_12,1,157.70082594065462,106.77087794432548,0.5328846742122973,0.23906393392474762,0.22805139186295503,0.6531049250535332
SIGNAL_ADAPTIVE_DWA,47,14,sbj_13,0,8.997485541865728,12.197636409353784,0.5358310284133769,0.37729444304752324,0.08687452853909983,0.6991450842343475
SIGNAL_ADAPTIVE_DWA,47,14,sbj_13,1,152.40558209705807,102.55443801860699,0.5458888609504652,0.12610007543374402,0.3280110636157908,0.7061855670103093
SIGNAL_ADAPTIVE_DWA,47,15,sbj_14,0,8.996875,14.5465625,0.43859375,0.455,0.10640625,0.634375
SIGNAL_ADAPTIVE_DWA,47,15,sbj_14,1,123.319375,79.22,0.5265625,0.2059375,0.2675,0.67546875
SIGNAL_ADAPTIVE_DWA,47,16,sbj_15,0,8.996156802459646,13.327248270561107,0.48481936971560335,0.39488854727132977,0.12029208301306688,0.7111837048424289
SIGNAL_ADAPTIVE_DWA,47,16,sbj_15,1,156.25595695618756,65.2163720215219,0.7484627209838586,0.14162182936202922,0.10991544965411222,0.7102229054573405
SIGNAL_ADAPTIVE_DWA,47,17,sbj_16,0,8.99715018523796,14.6548874323169,0.44001139925904814,0.45468794528355655,0.10530065545739527,0.6520376175548589
SIGNAL_ADAPTIVE_DWA,47,17,sbj_16,1,165.92590481618694,118.38273012254203,0.6122827016243945,0.14847534910230836,0.23924194927329723,0.7396694214876033
SIGNAL_ADAPTIVE_DWA,47,18,sbj_17,0,8.996763754045308,10.944012944983818,0.5420711974110033,0.3419093851132686,0.11601941747572815,0.7359223300970874
SIGNAL_ADAPTIVE_DWA,47,18,sbj_17,1,126.04660194174757,53.64854368932039,0.7080906148867314,0.12669902912621359,0.16521035598705502,0.7343042071197411
SIGNAL_ADAPTIVE_DWA,53,1,sbj_0,0,8.996420261320923,16.586182208698766,0.40612135314122066,0.5287274028995883,0.06515124395919097,0.5550384821908001
SIGNAL_ADAPTIVE_DWA,53,1,sbj_0,1,140.07427957759083,69.53803472346519,0.6964381600143189,0.19795954895292645,0.1056022910327546,0.6438160014318954
SIGNAL_ADAPTIVE_DWA,53,2,sbj_1,0,8.996398991717681,16.972632337054375,0.310586964350018,0.5734605689593086,0.11595246669067338,0.5064818149081743
SIGNAL_ADAPTIVE_DWA,53,2,sbj_1,1,114.01728483975513,68.29582283039251,0.5934461649261793,0.2947425279078142,0.11181130716600649,0.5277277637738567
SIGNAL_ADAPTIVE_DWA,53,3,sbj_2,0,8.997193376368228,14.732809430255402,0.45593600898119563,0.4710917765927589,0.07297221442604547,0.630367667695762
SIGNAL_ADAPTIVE_DWA,53,3,sbj_2,1,120.7953971372439,66.69646365422396,0.5882683132191973,0.19520067358967164,0.21653101319113108,0.6893067639629525
SIGNAL_ADAPTIVE_DWA,53,4,sbj_3,0,8.997601918465227,12.308033573141486,0.5557553956834532,0.36235011990407673,0.08189448441247002,0.7520383693045564
SIGNAL_ADAPTIVE_DWA,53,4,sbj_3,1,120.60911270983213,78.56618705035972,0.5160671462829736,0.2797362110311751,0.20419664268585133,0.6447242206235012
SIGNAL_ADAPTIVE_DWA,53,5,sbj_4,0,8.996865695032126,13.786240401191035,0.4731233349004858,0.4292430653502586,0.0976335997492556,0.6585174737501959
SIGNAL_ADAPTIVE_DWA,53,5,sbj_4,1,134.40981037454944,94.06488011283498,0.6038238520608055,0.11032753486914276,0.2858486130700517,0.6762262968186804
SIGNAL_ADAPTIVE_DWA,53,6,sbj_5,0,8.99534775529193,16.78041404977902,0.35822284252151665,0.5357059781344499,0.1060711793440335,0.6157245871132822
SIGNAL_ADAPTIVE_DWA,53,6,sbj_5,1,115.30844382414514,69.76064200976971,0.4945336124680158,0.31495696673645035,0.19050942079553385,0.6685275645498954
SIGNAL_ADAPTIVE_DWA,53,7,sbj_6,0,8.996003996003996,15.886913086913086,0.4003996003996004,0.5026973026973027,0.0969030969030969,0.6501498501498502
SIGNAL_ADAPTIVE_DWA,53,7,sbj_6,1,163.794005994006,82.56843156843156,0.6559440559440559,0.2805194805194805,0.06353646353646354,0.614985014985015
SIGNAL_ADAPTIVE_DWA,53,8,sbj_7,0,8.996493688639552,13.080294530154278,0.520687237026648,0.42514025245441794,0.05417251051893408,0.6725105189340813
SIGNAL_ADAPTIVE_DWA,53,8,sbj_7,1,131.5164796633941,77.80890603085554,0.7023141654978962,0.14638849929873773,0.15129733520336605,0.7594670406732118
SIGNAL_ADAPTIVE_DWA,53,9,sbj_8,0,8.99599037690457,14.36046511627907,0.5004009623095429,0.42622293504410586,0.07337610264635125,0.659382518043304
SIGNAL_ADAPTIVE_DWA,53,9,sbj_8,1,146.10986367281475,82.22233360064153,0.6277064955894146,0.21892542101042503,0.1533680834001604,0.7205292702485966
SIGNAL_ADAPTIVE_DWA,53,10,sbj_9,0,8.995381062355658,17.16581986143187,0.32678983833718245,0.564203233256351,0.10900692840646652,0.5600461893764435
SIGNAL_ADAPTIVE_DWA,53,10,sbj_9,1,160.12655889145498,102.43325635103926,0.6163972286374134,0.26420323325635103,0.11939953810623556,0.5030023094688222
SIGNAL_ADAPTIVE_DWA,53,11,sbj_10,0,8.997489959839358,14.203564257028113,0.4466616465863454,0.44289658634538154,0.11044176706827309,0.6548694779116466
SIGNAL_ADAPTIVE_DWA,53,11,sbj_10,1,154.6593875502008,103.32153614457832,0.5621234939759037,0.21586345381526104,0.22201305220883535,0.6615210843373494
SIGNAL_ADAPTIVE_DWA,53,12,sbj_11,0,8.995497523638,15.617739756866277,0.41625393966681673,0.4975236380009005,0.08622242233228275,0.5988293561458803
SIGNAL_ADAPTIVE_DWA,53,12,sbj_11,1,150.5263394867177,67.5342188203512,0.6305718144979738,0.26834759117514634,0.10108059432687978,0.5763169743358847
SIGNAL_ADAPTIVE_DWA,53,13,sbj_12,0,8.99694096053839,14.384215356378098,0.4831752829611502,0.4297950443560722,0.08702967268277761,0.6824717038849801
SIGNAL_ADAPTIVE_DWA,53,13,sbj_12,1,185.69960232487,136.62098501070665,0.5532272866319976,0.24089935760171305,0.20587335576628937,0.6125726521872132
SIGNAL_ADAPTIVE_DWA,53,14,sbj_13,0,8.997485541865728,12.197636409353784,0.5358310284133769,0.37729444304752324,0.08687452853909983,0.6991450842343475
SIGNAL_ADAPTIVE_DWA,53,14,sbj_13,1,148.1164194116168,93.05116922303243,0.6142821222026653,0.14659290922806134,0.23912496856927332,0.7137289414131255
SIGNAL_ADAPTIVE_DWA,53,15,sbj_14,0,8.996875,14.5465625,0.43859375,0.455,0.10640625,0.634375
SIGNAL_ADAPTIVE_DWA,53,15,sbj_14,1,119.723125,71.18140625,0.6034375,0.17453125,0.22203125,0.709375
SIGNAL_ADAPTIVE_DWA,53,16,sbj_15,0,8.996156802459646,13.327248270561107,0.48481936971560335,0.39488854727132977,0.12029208301306688,0.7111837048424289
SIGNAL_ADAPTIVE_DWA,53,16,sbj_15,1,165.5914681014604,76.71925441967717,0.7459646425826287,0.18754803996925443,0.06648731744811684,0.6581475787855495
SIGNAL_ADAPTIVE_DWA,53,17,sbj_16,0,8.99715018523796,14.6548874323169,0.44001139925904814,0.45468794528355655,0.10530065545739527,0.6520376175548589
SIGNAL_ADAPTIVE_DWA,53,17,sbj_16,1,157.60957537760046,107.63750356226845,0.5508691935024224,0.21074380165289255,0.23838700484468509,0.6570247933884298
SIGNAL_ADAPTIVE_DWA,53,18,sbj_17,0,8.996763754045308,10.944012944983818,0.5420711974110033,0.3419093851132686,0.11601941747572815,0.7359223300970874
SIGNAL_ADAPTIVE_DWA,53,18,sbj_17,1,132.52135922330098,51.042071197411005,0.7412621359223301,0.1394822006472492,0.11925566343042071,0.7611650485436893
NO_SENSOR_RESIZE,41,1,sbj_0,0,8.996420261320923,8.996420261320923,0.0,0.0,1.0,0.40612135314122066
NO_SENSOR_RESIZE,41,1,sbj_0,1,130.6917844997315,130.6917844997315,0.0,0.0,1.0,0.5496688741721855
NO_SENSOR_RESIZE,41,3,sbj_2,0,8.997193376368228,8.997193376368228,0.0,0.0,1.0,0.4977547010945832
NO_SENSOR_RESIZE,41,3,sbj_2,1,154.9045747965198,154.9045747965198,0.0,0.0,1.0,0.6662924501824306
NO_SENSOR_RESIZE,41,5,sbj_4,0,8.996865695032126,8.996865695032126,0.0,0.0,1.0,0.5215483466541294
NO_SENSOR_RESIZE,41,5,sbj_4,1,155.84939664629368,155.84939664629368,0.0,0.0,1.0,0.5496003761165962
NO_SENSOR_RESIZE,41,7,sbj_6,0,8.996003996003996,8.996003996003996,0.0,0.0,1.0,0.4879120879120879
NO_SENSOR_RESIZE,41,7,sbj_6,1,161.54465534465535,161.54465534465535,0.0,0.0,1.0,0.5618381618381618
NO_SENSOR_RESIZE,41,9,sbj_8,0,8.99599037690457,8.99599037690457,0.0,0.0,1.0,0.5182437850842021
NO_SENSOR_RESIZE,41,9,sbj_8,1,144.37449879711306,144.37449879711306,0.0,0.0,1.0,0.6688051323175621
NO_SENSOR_RESIZE,41,11,sbj_10,0,8.997489959839358,8.997489959839358,0.0,0.0,1.0,0.5272339357429718
NO_SENSOR_RESIZE,41,11,sbj_10,1,160.22063253012047,160.22063253012047,0.0,0.0,1.0,0.7462349397590361
NO_SENSOR_RESIZE,41,13,sbj_12,0,8.99694096053839,8.99694096053839,0.0,0.0,1.0,0.5512389109819517
NO_SENSOR_RESIZE,41,13,sbj_12,1,153.8739675741817,153.8739675741817,0.0,0.0,1.0,0.6659528907922913
NO_SENSOR_RESIZE,41,15,sbj_14,0,8.996875,8.996875,0.0,0.0,1.0,0.49953125
NO_SENSOR_RESIZE,41,15,sbj_14,1,127.725625,127.725625,0.0,0.0,1.0,0.6628125
NO_SENSOR_RESIZE,41,17,sbj_16,0,8.99715018523796,8.99715018523796,0.0,0.0,1.0,0.5007124536905101
NO_SENSOR_RESIZE,41,17,sbj_16,1,163.92732972356796,163.92732972356796,0.0,0.0,1.0,0.5336278141920775
NO_SENSOR_RESIZE,47,1,sbj_0,0,8.996420261320923,8.996420261320923,0.0,0.0,1.0,0.40612135314122066
NO_SENSOR_RESIZE,47,1,sbj_0,1,143.42455700733848,143.42455700733848,0.0,0.0,1.0,0.5281904420977269
NO_SENSOR_RESIZE,47,3,sbj_2,0,8.997193376368228,8.997193376368228,0.0,0.0,1.0,0.4977547010945832
NO_SENSOR_RESIZE,47,3,sbj_2,1,130.17457198989615,130.17457198989615,0.0,0.0,1.0,0.7225652539994387
NO_SENSOR_RESIZE,47,5,sbj_4,0,8.996865695032126,8.996865695032126,0.0,0.0,1.0,0.5215483466541294
NO_SENSOR_RESIZE,47,5,sbj_4,1,152.3490048581727,152.3490048581727,0.0,0.0,1.0,0.565742046701144
NO_SENSOR_RESIZE,47,7,sbj_6,0,8.996003996003996,8.996003996003996,0.0,0.0,1.0,0.4879120879120879
NO_SENSOR_RESIZE,47,7,sbj_6,1,160.8021978021978,160.8021978021978,0.0,0.0,1.0,0.5778221778221778
NO_SENSOR_RESIZE,47,9,sbj_8,0,8.99599037690457,8.99599037690457,0.0,0.0,1.0,0.5182437850842021
NO_SENSOR_RESIZE,47,9,sbj_8,1,143.87409783480354,143.87409783480354,0.0,0.0,1.0,0.5829991980753809
NO_SENSOR_RESIZE,47,11,sbj_10,0,8.997489959839358,8.997489959839358,0.0,0.0,1.0,0.5272339357429718
NO_SENSOR_RESIZE,47,11,sbj_10,1,161.89357429718876,161.89357429718876,0.0,0.0,1.0,0.7722138554216867
NO_SENSOR_RESIZE,47,13,sbj_12,0,8.99694096053839,8.99694096053839,0.0,0.0,1.0,0.5512389109819517
NO_SENSOR_RESIZE,47,13,sbj_12,1,154.53196696237382,154.53196696237382,0.0,0.0,1.0,0.6437748546956256
NO_SENSOR_RESIZE,47,15,sbj_14,0,8.996875,8.996875,0.0,0.0,1.0,0.49953125
NO_SENSOR_RESIZE,47,15,sbj_14,1,128.496875,128.496875,0.0,0.0,1.0,0.67390625
NO_SENSOR_RESIZE,47,17,sbj_16,0,8.99715018523796,8.99715018523796,0.0,0.0,1.0,0.5007124536905101
NO_SENSOR_RESIZE,47,17,sbj_16,1,153.86548874323168,153.86548874323168,0.0,0.0,1.0,0.6466229695069821
NO_SENSOR_RESIZE,53,1,sbj_0,0,8.996420261320923,8.996420261320923,0.0,0.0,1.0,0.40612135314122066
NO_SENSOR_RESIZE,53,1,sbj_0,1,139.8806157150528,139.8806157150528,0.0,0.0,1.0,0.5623769464829067
NO_SENSOR_RESIZE,53,3,sbj_2,0,8.997193376368228,8.997193376368228,0.0,0.0,1.0,0.4977547010945832
NO_SENSOR_RESIZE,53,3,sbj_2,1,144.66853774908785,144.66853774908785,0.0,0.0,1.0,0.6772382823463373
NO_SENSOR_RESIZE,53,5,sbj_4,0,8.996865695032126,8.996865695032126,0.0,0.0,1.0,0.5215483466541294
NO_SENSOR_RESIZE,53,5,sbj_4,1,136.57028678890455,136.57028678890455,0.0,0.0,1.0,0.5148095909732017
NO_SENSOR_RESIZE,53,7,sbj_6,0,8.996003996003996,8.996003996003996,0.0,0.0,1.0,0.4879120879120879
NO_SENSOR_RESIZE,53,7,sbj_6,1,138.78181818181818,138.78181818181818,0.0,0.0,1.0,0.5478521478521479
NO_SENSOR_RESIZE,53,9,sbj_8,0,8.99599037690457,8.99599037690457,0.0,0.0,1.0,0.5182437850842021
NO_SENSOR_RESIZE,53,9,sbj_8,1,134.5729751403368,134.5729751403368,0.0,0.0,1.0,0.5513231756214916
NO_SENSOR_RESIZE,53,11,sbj_10,0,8.997489959839358,8.997489959839358,0.0,0.0,1.0,0.5272339357429718
NO_SENSOR_RESIZE,53,11,sbj_10,1,171.10416666666666,171.10416666666666,0.0,0.0,1.0,0.6928965863453815
NO_SENSOR_RESIZE,53,13,sbj_12,0,8.99694096053839,8.99694096053839,0.0,0.0,1.0,0.5512389109819517
NO_SENSOR_RESIZE,53,13,sbj_12,1,170.20312022025084,170.20312022025084,0.0,0.0,1.0,0.6879779749158764
NO_SENSOR_RESIZE,53,15,sbj_14,0,8.996875,8.996875,0.0,0.0,1.0,0.49953125
NO_SENSOR_RESIZE,53,15,sbj_14,1,126.2053125,126.2053125,0.0,0.0,1.0,0.68328125
NO_SENSOR_RESIZE,53,17,sbj_16,0,8.99715018523796,8.99715018523796,0.0,0.0,1.0,0.5007124536905101
NO_SENSOR_RESIZE,53,17,sbj_16,1,165.75092618979767,165.75092618979767,0.0,0.0,1.0,0.5874893131946424
NO_CONTRACTION,41,1,sbj_0,0,8.996420261320923,19.128154644710936,0.0,0.5539645605870771,0.44603543941292284,0.5450152138893861
NO_CONTRACTION,41,1,sbj_0,1,139.2151422946125,142.7252550563809,0.0,0.24897082512976554,0.7510291748702345,0.6388043672811885
NO_CONTRACTION,41,3,sbj_2,0,8.997193376368228,17.576059500420993,0.0,0.48666853774908786,0.5133314622509122,0.6226494527083918
NO_CONTRACTION,41,3,sbj_2,1,133.62054448498458,137.6152119000842,0.0,0.22509121526803255,0.7749087847319674,0.7061465057535784
NO_CONTRACTION,41,5,sbj_4,0,8.996865695032126,16.680144178028524,0.0,0.45306378310609624,0.5469362168939038,0.6508384265789061
NO_CONTRACTION,41,5,sbj_4,1,127.17364049522018,131.89531421407304,0.0,0.34790785143394454,0.6520921485660555,0.6014731233349004
NO_CONTRACTION,41,7,sbj_6,0,8.996003996003996,18.294105894105893,0.0,0.5100899100899101,0.4899100899100899,0.6471528471528472
NO_CONTRACTION,41,7,sbj_6,1,158.83696303696303,165.06173826173827,0.0,0.2915084915084915,0.7084915084915084,0.6567432567432567
NO_CONTRACTION,41,9,sbj_8,0,8.99599037690457,17.522453889334404,0.0,0.45228548516439454,0.5477145148356054,0.6467522052927025
NO_CONTRACTION,41,9,sbj_8,1,150.64715316760226,156.5547313552526,0.0,0.3434242181234964,0.6565757818765036,0.665196471531676
NO_CONTRACTION,41,11,sbj_10,0,8.997489959839358,16.96335341365462,0.0,0.4617218875502008,0.5382781124497992,0.648468875502008
NO_CONTRACTION,41,11,sbj_10,1,169.19277108433735,172.54091365461846,0.0,0.19076305220883535,0.8092369477911646,0.7807479919678715
NO_CONTRACTION,41,13,sbj_12,0,8.99694096053839,17.42184154175589,0.0,0.44478433771795656,0.5552156622820434,0.6725298256347507
NO_CONTRACTION,41,13,sbj_12,1,155.61517283572957,160.42612419700214,0.0,0.25512389109819517,0.7448761089018048,0.6985316610584277
NO_CONTRACTION,41,15,sbj_14,0,8.996875,17.1796875,0.0,0.47015625,0.52984375,0.630625
NO_CONTRACTION,41,15,sbj_14,1,121.963125,125.99109375,0.0,0.2175,0.7825,0.72015625
NO_CONTRACTION,41,17,sbj_16,0,8.99715018523796,17.298090624109435,0.0,0.4827586206896552,0.5172413793103449,0.6417782844115133
NO_CONTRACTION,41,17,sbj_16,1,178.91336563123397,183.99102308349958,0.0,0.3183243089199202,0.6816756910800797,0.6504702194357367
NO_CONTRACTION,47,1,sbj_0,0,8.996420261320923,19.128154644710936,0.0,0.5539645605870771,0.44603543941292284,0.5450152138893861
NO_CONTRACTION,47,1,sbj_0,1,140.50384821908,146.11061392518346,0.0,0.3909074637551459,0.6090925362448542,0.5593341686056917
NO_CONTRACTION,47,3,sbj_2,0,8.997193376368228,17.576059500420993,0.0,0.48666853774908786,0.5133314622509122,0.6226494527083918
NO_CONTRACTION,47,3,sbj_2,1,194.69267471232106,196.96014594442886,0.0,0.18635980914959305,0.813640190850407,0.7475442043222004
NO_CONTRACTION,47,5,sbj_4,0,8.996865695032126,16.680144178028524,0.0,0.45306378310609624,0.5469362168939038,0.6508384265789061
NO_CONTRACTION,47,5,sbj_4,1,118.80410593950792,123.60946560100298,0.0,0.36075850180222535,0.6392414981977746,0.5923836389280677
NO_CONTRACTION,47,7,sbj_6,0,8.996003996003996,18.294105894105893,0.0,0.5100899100899101,0.4899100899100899,0.6471528471528472
NO_CONTRACTION,47,7,sbj_6,1,145.53146853146853,152.62117882117883,0.0,0.35224775224775223,0.6477522477522477,0.6177822177822178
NO_CONTRACTION,47,9,sbj_8,0,8.99599037690457,17.522453889334404,0.0,0.45228548516439454,0.5477145148356054,0.6467522052927025
NO_CONTRACTION,47,9,sbj_8,1,137.79109863672815,145.17080994386527,0.0,0.3941459502806736,0.6058540497193264,0.5829991980753809
NO_CONTRACTION,47,11,sbj_10,0,8.997489959839358,16.96335341365462,0.0,0.4617218875502008,0.5382781124497992,0.648468875502008
NO_CONTRACTION,47,11,sbj_10,1,173.17846385542168,177.5484437751004,0.0,0.2737198795180723,0.7262801204819277,0.7029367469879518
NO_CONTRACTION,47,13,sbj_12,0,8.99694096053839,17.42184154175589,0.0,0.44478433771795656,0.5552156622820434,0.6725298256347507
NO_CONTRACTION,47,13,sbj_12,1,166.23126338329766,170.91572346283266,0.0,0.2500764759865402,0.7499235240134597,0.7035790761700826
NO_CONTRACTION,47,15,sbj_14,0,8.996875,17.1796875,0.0,0.47015625,0.52984375,0.630625
NO_CONTRACTION,47,15,sbj_14,1,123.234375,127.14140625,0.0,0.20953125,0.79046875,0.71625
NO_CONTRACTION,47,17,sbj_16,0,8.99715018523796,17.298090624109435,0.0,0.4827586206896552,0.5172413793103449,0.6417782844115133
NO_CONTRACTION,47,17,sbj_16,1,153.81903676261044,160.33556568823028,0.0,0.4157879737817042,0.5842120262182958,0.5837845540039898
NO_CONTRACTION,53,1,sbj_0,0,8.996420261320923,19.128154644710936,0.0,0.5539645605870771,0.44603543941292284,0.5450152138893861
NO_CONTRACTION,53,1,sbj_0,1,126.89439770896725,130.17200644352963,0.0,0.3008770359763737,0.6991229640236263,0.6855199570431358
NO_CONTRACTION,53,3,sbj_2,0,8.997193376368228,17.576059500420993,0.0,0.48666853774908786,0.5133314622509122,0.6226494527083918
NO_CONTRACTION,53,3,sbj_2,1,139.713163064833,144.50841987089532,0.0,0.3033960145944429,0.6966039854055571,0.6699410609037328
NO_CONTRACTION,53,5,sbj_4,0,8.996865695032126,16.680144178028524,0.0,0.45306378310609624,0.5469362168939038,0.6508384265789061
NO_CONTRACTION,53,5,sbj_4,1,125.54662278639712,130.83795643316094,0.0,0.358094342579533,0.641905657420467,0.5713837956433161
NO_CONTRACTION,53,7,sbj_6,0,8.996003996003996,18.294105894105893,0.0,0.5100899100899101,0.4899100899100899,0.6471528471528472
NO_CONTRACTION,53,7,sbj_6,1,149.1006993006993,156.83836163836165,0.0,0.3674325674325674,0.6325674325674325,0.5772227772227773
NO_CONTRACTION,53,9,sbj_8,0,8.99599037690457,17.522453889334404,0.0,0.45228548516439454,0.5477145148356054,0.6467522052927025
NO_CONTRACTION,53,9,sbj_8,1,147.15356856455494,152.8159582999198,0.0,0.32257417802726546,0.6774258219727346,0.6395348837209303
NO_CONTRACTION,53,11,sbj_10,0,8.997489959839358,16.96335341365462,0.0,0.4617218875502008,0.5382781124497992,0.648468875502008
NO_CONTRACTION,53,11,sbj_10,1,153.79392570281124,158.140562248996,0.0,0.25426706827309237,0.7457329317269076,0.7567771084337349
NO_CONTRACTION,53,13,sbj_12,0,8.99694096053839,17.42184154175589,0.0,0.44478433771795656,0.5552156622820434,0.6725298256347507
NO_CONTRACTION,53,13,sbj_12,1,164.60048944631384,169.48088100336494,0.0,0.2572652187213215,0.7427347812786785,0.7092382991740593
NO_CONTRACTION,53,15,sbj_14,0,8.996875,17.1796875,0.0,0.47015625,0.52984375,0.630625
NO_CONTRACTION,53,15,sbj_14,1,125.049375,129.915,0.0,0.26578125,0.73421875,0.67828125
NO_CONTRACTION,53,17,sbj_16,0,8.99715018523796,17.298090624109435,0.0,0.4827586206896552,0.5172413793103449,0.6417782844115133
NO_CONTRACTION,53,17,sbj_16,1,149.95839270447422,155.91407808492448,0.0,0.341265317754346,0.658734682245654,0.6206896551724138
