subject,protocol,method,fold,seed,run_id,macro_precision_19,macro_recall_19,macro_f1_19,accuracy,map_at_0.3,map_at_0.4,map_at_0.5,map_at_0.6,map_at_0.7,avg_map,background_f1,action_macro_f1
sbj_0,fixed_epoch_loso_v2,VIDEO_ONLY,1,41,7ba5f1f6f49f4bf78ea8948308d21846,0.5978301317129929,0.5537994129755834,0.5527224338876233,0.5983533202076249,0.574074074074074,0.574074074074074,0.5462962962962963,0.5462962962962963,0.3888888888888889,0.5259259259259259,0.5469223007063572,0.5530446635088047
sbj_1,fixed_epoch_loso_v2,VIDEO_ONLY,2,41,7333bdcc083245eab9a6e8d8b6dc191a,0.466613169369483,0.4406396918853427,0.4138055278619813,0.5860640979474253,0.3773148148148148,0.35879629629629634,0.3402777777777778,0.2847222222222222,0.2847222222222222,0.3291666666666667,0.8110338835794961,0.391737285877675
sbj_2,fixed_epoch_loso_v2,VIDEO_ONLY,3,41,837a439e9f574bdbb0a12a30e18b7e57,0.6653932748797723,0.5915924219023875,0.565294829729778,0.6923940499579007,0.537037037037037,0.537037037037037,0.4722222222222222,0.4513888888888889,0.4513888888888889,0.4898148148148148,0.7989113032340698,0.5523161367573173
sbj_3,fixed_epoch_loso_v2,VIDEO_ONLY,4,41,4d6e6fd85b534c64847e22d1fcd2eaca,0.4274335660121753,0.36107572418758876,0.34101377645624825,0.7073141486810551,0.31856939356939357,0.31856939356939357,0.31856939356939357,0.3148508898508899,0.3148508898508899,0.3170819920819921,0.8418180107273925,0.31319131899674024
sbj_4,fixed_epoch_loso_v2,VIDEO_ONLY,5,41,66a83e97799f4da2a1fad8812295e175,0.5551052032299374,0.6239169803728393,0.5296983515932837,0.6281147155618242,0.5914351851851851,0.5844907407407407,0.5844907407407407,0.5844907407407407,0.55054012345679,0.5790895061728395,0.7833040764579676,0.5156091446563568
sbj_5,fixed_epoch_loso_v2,VIDEO_ONLY,6,41,f69c718cb35a46a2a97ca4e15c34c62d,0.6705315345909192,0.6150231840996888,0.5911027159733305,0.6876017678529891,0.6175925925925926,0.5574074074074075,0.4277777777777778,0.4277777777777778,0.31666666666666665,0.46944444444444444,0.7767295597484277,0.5807901135413807
sbj_6,fixed_epoch_loso_v2,VIDEO_ONLY,7,41,cbd40e02f42843e0be3e468fca505323,0.5711166747516947,0.6320516828556734,0.5827737904568421,0.6967032967032967,0.6342592592592592,0.6342592592592592,0.5416666666666666,0.5138888888888888,0.3888888888888889,0.5425925925925925,0.8588021778584392,0.5674388800456422
sbj_7,fixed_epoch_loso_v2,VIDEO_ONLY,8,41,92605167ce9046389e56a6c2c8dc9103,0.6299714754329996,0.6466764068735316,0.6184262691743994,0.6996844319775596,0.7160493827160493,0.6296296296296295,0.5277777777777778,0.5277777777777778,0.5277777777777778,0.5858024691358024,0.7643911833939653,0.6103171072733125
sbj_8,fixed_epoch_loso_v2,VIDEO_ONLY,9,41,d6545e4d38454cba81310242c56f0485,0.7182310431881314,0.674443112788392,0.6723003127869518,0.7409783480352847,0.7962962962962963,0.7407407407407407,0.6296296296296295,0.6296296296296295,0.574074074074074,0.6740740740740739,0.7747644875820725,0.6666078586316674
sbj_9,fixed_epoch_loso_v2,VIDEO_ONLY,10,41,4d4e88cd5b674a0598c4a6b391371a82,0.6633938808502575,0.6351935216343979,0.622906385232199,0.6856812933025405,0.574074074074074,0.574074074074074,0.5185185185185185,0.5185185185185185,0.5185185185185185,0.5407407407407407,0.633216647218981,0.6223335928996
sbj_10,fixed_epoch_loso_v2,VIDEO_ONLY,11,41,8590bbf0f7ce46ceb996b78d6f98a9d3,0.5644527682954824,0.7591593032278215,0.6220545464979426,0.669929718875502,0.6561728395061728,0.6450617283950617,0.6450617283950617,0.5895061728395061,0.5895061728395061,0.6250617283950618,0.6987396666214934,0.6177942620466341
sbj_11,fixed_epoch_loso_v2,VIDEO_ONLY,12,41,8d9986149d284d2c8086d56ddb3e72a3,0.8857597367360669,0.8386572643640546,0.8393445264673293,0.8622242233228276,0.8611111111111112,0.8611111111111112,0.8611111111111112,0.8055555555555556,0.787037037037037,0.8351851851851853,0.8377703826955075,0.839431978899097
sbj_12,fixed_epoch_loso_v2,VIDEO_ONLY,13,41,65d9256a498e42ed90d6bcc25ff67adc,0.7831263124389884,0.8175646120353554,0.7790925220018022,0.8438360354848577,0.6944444444444443,0.6018518518518517,0.6018518518518517,0.574074074074074,0.5462962962962963,0.6037037037037036,0.9092136348295646,0.7718635712891487
sbj_13,fixed_epoch_loso_v2,VIDEO_ONLY,14,41,4ecdf404bdaf4595bea3531cc74edb48,0.773045935564181,0.7726047612903951,0.748909548442128,0.8574302237867739,0.7287037037037036,0.7287037037037036,0.6592592592592592,0.6018518518518519,0.5771604938271605,0.6591358024691358,0.9443018193994865,0.7380544222778302
sbj_14,fixed_epoch_loso_v2,VIDEO_ONLY,15,41,e739881a76ab488ca1c0e1b9d3de9fb9,0.7123062100013713,0.6770234371198719,0.6491440549087595,0.7753125,0.7037037037037037,0.6851851851851851,0.6296296296296295,0.5462962962962963,0.5462962962962963,0.6222222222222221,0.8936860899204675,0.6355583862969979
sbj_15,fixed_epoch_loso_v2,VIDEO_ONLY,16,41,078ebcadd4254660bd9f5fc5a3ddddfb,0.7730012710054216,0.747595252550088,0.7344818562407176,0.7961183704842429,0.75,0.75,0.6944444444444444,0.6388888888888888,0.6111111111111112,0.6888888888888889,0.8341926729986432,0.7289423664208328
sbj_16,fixed_epoch_loso_v2,VIDEO_ONLY,17,41,841ea7ae2f4244d8942c184e083f4c77,0.6387818908131693,0.6776168165871904,0.6426985735018461,0.8177543459675121,0.7222222222222222,0.7222222222222222,0.7222222222222222,0.6666666666666666,0.6111111111111112,0.6888888888888889,0.9372251099560176,0.6263359881432811
sbj_17,fixed_epoch_loso_v2,VIDEO_ONLY,18,41,8546b42cab3b4f0cbc6e089b33db6952,0.8585616018266912,0.8528103706198337,0.8381060235366964,0.8807443365695793,0.8611111111111112,0.8611111111111112,0.8611111111111112,0.824074074074074,0.7962962962962963,0.8407407407407408,0.9205408408964623,0.8335263114611539
sbj_0,fixed_epoch_loso_v2,VIDEO_ONLY,1,47,9d610f50255d4549b7d42b7ed1f43063,0.41119669017278526,0.4287997873096669,0.3908179616932751,0.5045641668158224,0.4259259259259259,0.39814814814814814,0.35185185185185186,0.32407407407407407,0.25,0.35,0.5936739659367397,0.3795481836797493
sbj_1,fixed_epoch_loso_v2,VIDEO_ONLY,2,47,cc183918a0694f8f8e1c9488950fbcdc,0.5313400030629195,0.5412607404995546,0.5182907222050592,0.6827511703276917,0.5416666666666666,0.5185185185185185,0.5185185185185185,0.5185185185185185,0.5185185185185185,0.5231481481481481,0.8373151308304891,0.5005671439480909
sbj_2,fixed_epoch_loso_v2,VIDEO_ONLY,3,47,560f0ee7cff24c8182967b06552627d7,0.6337757338432232,0.5264262697589723,0.5062882744959093,0.6727476845355038,0.48148148148148145,0.44166666666666665,0.4212962962962963,0.4074074074074074,0.4074074074074074,0.4318518518518518,0.786837079477009,0.49070222977473715
sbj_3,fixed_epoch_loso_v2,VIDEO_ONLY,4,47,986df59b1dd4401188075209ee31d77b,0.4300495889358147,0.3485291716556001,0.3553440313786657,0.679136690647482,0.35493827160493824,0.345679012345679,0.3179012345679012,0.2623456790123457,0.20679012345679013,0.2975308641975309,0.8143394150545521,0.3298442878411165
sbj_4,fixed_epoch_loso_v2,VIDEO_ONLY,5,47,8455b79f2744452a8fecb48e43b3e78e,0.6760522294857767,0.7204865029714579,0.6765571552033366,0.7564645039962389,0.7592592592592592,0.7592592592592592,0.7453703703703703,0.7453703703703703,0.7453703703703703,0.7509259259259259,0.832366108439728,0.6679011022457593
sbj_5,fixed_epoch_loso_v2,VIDEO_ONLY,6,47,96d623fe836c465fb34bf043eab63011,0.760612305189062,0.7253473017315205,0.712355108953103,0.7669225401256106,0.7101851851851851,0.6916666666666667,0.6777777777777777,0.6777777777777777,0.6037037037037036,0.6722222222222222,0.8137404580152672,0.7067225895607605
sbj_6,fixed_epoch_loso_v2,VIDEO_ONLY,7,47,2cc02f534f6343edbceba2d069b820e7,0.6825902146630609,0.6375292402871969,0.6062645890804423,0.7190809190809191,0.5972222222222222,0.5925925925925927,0.5,0.5,0.3888888888888889,0.5157407407407407,0.8212751899570532,0.5943195556984084
sbj_7,fixed_epoch_loso_v2,VIDEO_ONLY,8,47,2070a15be3a444e8b6ba8ce40bdb09b3,0.5974495322330091,0.6007662123703861,0.5881653186569301,0.6830294530154277,0.6388888888888888,0.6388888888888888,0.5509259259259259,0.43981481481481477,0.38425925925925924,0.5305555555555556,0.7358712715855573,0.5799594323831175
sbj_8,fixed_epoch_loso_v2,VIDEO_ONLY,9,47,b0de76f6ef254359b7420627ea84581e,0.5571210686042711,0.6117536632842278,0.5606184362045451,0.6970729751403368,0.5925925925925926,0.5925925925925926,0.5925925925925926,0.5925925925925926,0.537037037037037,0.5814814814814815,0.7647385984427141,0.5492784271913135
sbj_9,fixed_epoch_loso_v2,VIDEO_ONLY,10,47,24c03725b24a4972b567c9bd322096ca,0.6576703966668158,0.6076029710421661,0.5743746263115972,0.6598152424942263,0.5185185185185185,0.5185185185185185,0.5185185185185185,0.4907407407407407,0.4351851851851852,0.4962962962962962,0.6582174979558463,0.5697166889980277
sbj_10,fixed_epoch_loso_v2,VIDEO_ONLY,11,47,4e7f138f0521471ba2b1e081a927abc4,0.6356299244548447,0.7261910462178918,0.6454519019749889,0.6986696787148594,0.6861111111111111,0.6861111111111111,0.6583333333333333,0.5972222222222222,0.5694444444444444,0.6394444444444444,0.7489806320081549,0.6397003058620352
sbj_11,fixed_epoch_loso_v2,VIDEO_ONLY,12,47,322efa9cb5a64a4d80fe3b62b17dd5d6,0.8216022297072494,0.8431097702827465,0.8184896379476463,0.8581719945970284,0.8611111111111112,0.8611111111111112,0.8055555555555556,0.8055555555555556,0.787037037037037,0.8240740740740741,0.8680774425934263,0.8157347599117696
sbj_12,fixed_epoch_loso_v2,VIDEO_ONLY,13,47,3748ef7f90174d3c97ef47de85a45e88,0.8149937725744628,0.757939886903527,0.7138964753477225,0.8387886203732028,0.6574074074074073,0.6574074074074073,0.6388888888888888,0.6203703703703703,0.6203703703703703,0.6388888888888888,0.9248871695680206,0.7021747701132615
sbj_13,fixed_epoch_loso_v2,VIDEO_ONLY,14,47,084db997743f4cc69ec60d74e550ca22,0.8168249328967909,0.8676586631943736,0.8330977180192293,0.9077193864722153,0.7638888888888888,0.7638888888888888,0.7222222222222222,0.7222222222222222,0.6527777777777778,0.725,0.9612194575207352,0.8259798436024789
sbj_14,fixed_epoch_loso_v2,VIDEO_ONLY,15,47,cc97335cf84c45ec82b88dedf786e5fb,0.6886147316588261,0.7534563096011674,0.7046887103304339,0.78890625,0.6851851851851851,0.6851851851851851,0.6851851851851851,0.6851851851851851,0.6666666666666666,0.6814814814814814,0.8822098679638638,0.6948264237952433
sbj_15,fixed_epoch_loso_v2,VIDEO_ONLY,16,47,6c99d9dd48dd47e9af71c5baa17a641f,0.7217059656358019,0.7386849670988912,0.7261476106262341,0.7872790161414297,0.7222222222222222,0.7222222222222222,0.7222222222222222,0.6944444444444444,0.6944444444444444,0.711111111111111,0.7880476069891111,0.7227087219394076
sbj_16,fixed_epoch_loso_v2,VIDEO_ONLY,17,47,80a76d78307f4ac69fa81687a37d3690,0.7342739625542953,0.7153660015512744,0.6833380723683045,0.8392704474209176,0.7592592592592592,0.7037037037037037,0.6481481481481481,0.6481481481481481,0.6481481481481481,0.6814814814814814,0.9574641018694121,0.6681088485071318
sbj_17,fixed_epoch_loso_v2,VIDEO_ONLY,18,47,38064d1edd8341e6a7e2ec8ab6542da3,0.7897247217687623,0.7363621847818823,0.7353596226860019,0.815695792880259,0.8287037037037037,0.7731481481481481,0.7175925925925926,0.699074074074074,0.6435185185185185,0.7324074074074074,0.8644739107973136,0.7281866066798179
sbj_0,fixed_epoch_loso_v2,VIDEO_ONLY,1,53,26aec29c0267454d96b06df3937fce71,0.6281388782556302,0.5282859088867553,0.518221248481849,0.5974583855378557,0.45370370370370366,0.45370370370370366,0.45370370370370366,0.45370370370370366,0.39814814814814814,0.44259259259259254,0.6469857054070851,0.5110676675415582
sbj_1,fixed_epoch_loso_v2,VIDEO_ONLY,2,53,8f94cad335c7435f9187372b636a72d0,0.6433723006408615,0.6009422162936616,0.5643776974574014,0.6883327331652863,0.5212962962962964,0.4657407407407408,0.4657407407407408,0.44722222222222224,0.44722222222222224,0.46944444444444444,0.8767908309455588,0.5470214122636148
sbj_2,fixed_epoch_loso_v2,VIDEO_ONLY,3,53,174caf7cc4ae4f5fa5d6762f870d9d83,0.7893505565913085,0.6794021629326779,0.6842729345485433,0.7486668537749088,0.7314814814814814,0.7314814814814814,0.6898148148148148,0.662037037037037,0.625,0.687962962962963,0.8265290161113719,0.676369818906164
sbj_3,fixed_epoch_loso_v2,VIDEO_ONLY,4,53,5a901986f7914f96a203054d5ffe2197,0.36980811426306104,0.2978759176852209,0.30897863814317494,0.6404076738609112,0.28395061728395066,0.2654320987654321,0.23148148148148145,0.20370370370370372,0.17592592592592593,0.23209876543209873,0.7679548261866949,0.2834799610296461
sbj_4,fixed_epoch_loso_v2,VIDEO_ONLY,5,53,e3465dedf4314e83b6b2c6b5598c7e28,0.7548594411552815,0.7338440167009667,0.6852285960843479,0.7810687979940448,0.7611111111111111,0.7472222222222222,0.7472222222222222,0.7472222222222222,0.7472222222222222,0.75,0.8900418410041842,0.6738500824776904
sbj_5,fixed_epoch_loso_v2,VIDEO_ONLY,6,53,8fbb4b77aeab48eea556fd7818272996,0.6639770225007227,0.6928692800974933,0.6524281970964062,0.7217957664573157,0.6731481481481482,0.6546296296296297,0.6361111111111111,0.5666666666666667,0.4555555555555555,0.5972222222222223,0.8016032064128257,0.6441406965788272
sbj_6,fixed_epoch_loso_v2,VIDEO_ONLY,7,53,46bfe86843724abba5295df8f6824ac7,0.5938974263086,0.6464675776182108,0.6046953504410164,0.7160839160839161,0.7129629629629629,0.5925925925925927,0.5,0.4166666666666667,0.3888888888888889,0.5222222222222223,0.848698099929627,0.5911396421360936
sbj_7,fixed_epoch_loso_v2,VIDEO_ONLY,8,53,442ce350b29445f2989d3f6cf8c6bb04,0.773107840967549,0.7549403912209444,0.7347701670276136,0.7570126227208976,0.8302469135802469,0.7561728395061729,0.6944444444444444,0.6944444444444444,0.6944444444444444,0.7339506172839506,0.754601226993865,0.733668441473933
sbj_8,fixed_epoch_loso_v2,VIDEO_ONLY,9,53,dfa4fc3b54594b9ab3194bb345fb87e2,0.874756528763268,0.83911790882597,0.8294277806359718,0.8710906174819567,0.8611111111111112,0.8611111111111112,0.8611111111111112,0.8611111111111112,0.8611111111111112,0.861111111111111,0.8756861478850501,0.8268578713443563
sbj_9,fixed_epoch_loso_v2,VIDEO_ONLY,10,53,81b8bf802540440a91bba2f0b3f46844,0.5311589448225014,0.4790565252161256,0.4426983470402922,0.551270207852194,0.4074074074074074,0.4074074074074074,0.4074074074074074,0.3796296296296296,0.3796296296296296,0.39629629629629626,0.52832674571805,0.4379412137804168
sbj_10,fixed_epoch_loso_v2,VIDEO_ONLY,11,53,b152fbf3a4894602b872047991a0689f,0.6138405156913429,0.6799251951952245,0.6008716547955194,0.7033132530120482,0.6689814814814814,0.6064814814814814,0.5509259259259259,0.5509259259259259,0.5231481481481481,0.5800925925925926,0.7588206863218946,0.5920967085996096
sbj_11,fixed_epoch_loso_v2,VIDEO_ONLY,12,53,0e47c838298848d78969a7efd0976baf,0.7350400724625361,0.7771982388290665,0.7455594552398893,0.8156235929761368,0.787037037037037,0.787037037037037,0.787037037037037,0.787037037037037,0.7314814814814814,0.7759259259259259,0.8986942818550203,0.737051964872382
sbj_12,fixed_epoch_loso_v2,VIDEO_ONLY,13,53,6bcf1193813940018fe35dcba99653a6,0.7398110117113618,0.8450535423635733,0.7769896266795316,0.8487304986234322,0.7175925925925924,0.699074074074074,0.6851851851851851,0.6851851851851851,0.6851851851851851,0.6944444444444444,0.8979094076655052,0.7702718610691998
sbj_13,fixed_epoch_loso_v2,VIDEO_ONLY,14,53,d27382f0d85945de95943815cbec1de4,0.8442738836957384,0.8914684286482162,0.8566517344968707,0.9181543877294444,0.7685185185185185,0.7685185185185185,0.75,0.7052469135802469,0.6844135802469136,0.7353395061728396,0.9565704051936422,0.851100697235939
sbj_14,fixed_epoch_loso_v2,VIDEO_ONLY,15,53,46b85c2b3d9047bf9c1bb41d37e746ce,0.7761745634586382,0.6267998126792974,0.6305516107061311,0.75421875,0.6977513227513227,0.5787037037037037,0.5601851851851851,0.5138888888888888,0.5138888888888888,0.5728835978835979,0.8541187298665439,0.6181312151972193
sbj_15,fixed_epoch_loso_v2,VIDEO_ONLY,16,53,82886a4156054bd88f7d09d4414d8fba,0.825056590730977,0.8239897992421747,0.8057446891209447,0.8608762490392006,0.75,0.75,0.75,0.7222222222222222,0.7222222222222222,0.7388888888888889,0.8729983434566538,0.802008374991183
sbj_16,fixed_epoch_loso_v2,VIDEO_ONLY,17,53,897834fb25f14381a7f3c9af7ae80877,0.7184053884064361,0.7300080784739031,0.6852204902237439,0.8481048731832431,0.7361111111111112,0.6805555555555556,0.6805555555555556,0.6805555555555556,0.6111111111111112,0.6777777777777778,0.9455273698264353,0.6707589969124833
sbj_17,fixed_epoch_loso_v2,VIDEO_ONLY,18,53,05963cbe954647fba43336d53fd4252f,0.8764015113562201,0.8529519000683512,0.8426586683405161,0.8854368932038835,0.8796296296296295,0.8796296296296295,0.8796296296296295,0.824074074074074,0.824074074074074,0.8574074074074073,0.9021368288741246,0.8393543260886489
sbj_0,fixed_epoch_loso_v2,EARLY_CONCAT,1,41,363129484cba446c9c056032fb0e4bcd,0.7813099469354892,0.6528617747347082,0.6490770575123254,0.7261499910506533,0.6944444444444444,0.6944444444444444,0.5833333333333334,0.5277777777777778,0.4351851851851852,0.587037037037037,0.6960690316395014,0.6464663922830378
sbj_1,fixed_epoch_loso_v2,EARLY_CONCAT,2,41,e3801d70e0e04600985459a39898f18e,0.8330869964293544,0.7882528932280585,0.7559345168146304,0.795462729564278,0.7731481481481481,0.7361111111111112,0.6558641975308642,0.6558641975308642,0.625,0.6891975308641975,0.8509485094850948,0.7506559616662712
sbj_2,fixed_epoch_loso_v2,EARLY_CONCAT,3,41,32f0a93aad584483aa0f37201ea3bf2b,0.4231501557766921,0.46515270812498555,0.38772459945593984,0.5221723266909908,0.3453703703703704,0.31018518518518523,0.2685185185185185,0.2546296296296296,0.2546296296296296,0.2866666666666667,0.6488636363636363,0.37321687518329005
sbj_3,fixed_epoch_loso_v2,EARLY_CONCAT,4,41,f6d21750209a4ea79542f36d26402a94,0.666065992267893,0.6226727515776277,0.5785699508326301,0.7661870503597122,0.6331128747795415,0.6084215167548501,0.5899029982363316,0.5634479717813051,0.5493386243386245,0.5888447971781307,0.8663565235779235,0.562581807902336
sbj_4,fixed_epoch_loso_v2,EARLY_CONCAT,5,41,6cc6758c62bc4e6381070747420a13a3,0.686747736503918,0.7391210306909359,0.7082409574907551,0.7411064096536593,0.8179012345679013,0.8179012345679013,0.7098765432098766,0.6450617283950617,0.5895061728395061,0.7160493827160493,0.7793442622950819,0.7042907738905148
sbj_5,fixed_epoch_loso_v2,EARLY_CONCAT,6,41,8e4ec20b92604a24bb5982f27d9aad5a,0.41251382110730045,0.49207590603544643,0.43735977502570345,0.6017678529890672,0.4555555555555555,0.4555555555555555,0.4444444444444444,0.4444444444444444,0.4444444444444444,0.4488888888888889,0.7215579091219679,0.4215709897981332
sbj_6,fixed_epoch_loso_v2,EARLY_CONCAT,7,41,d12207f2b27f4f139b85e9a0bed434e0,0.7269825204332943,0.736622523104511,0.6911362950086504,0.7806193806193806,0.6712962962962963,0.6574074074074073,0.5925925925925927,0.5925925925925927,0.5925925925925927,0.6212962962962962,0.8560228082679971,0.6819759331609089
sbj_7,fixed_epoch_loso_v2,EARLY_CONCAT,8,41,dbb9457a4cb7484c96ac41dd2fbf4e38,0.8074470464139354,0.754499594359781,0.7572401486207001,0.7906732117812062,0.8111111111111111,0.8055555555555556,0.5925925925925926,0.5648148148148148,0.5648148148148148,0.6677777777777778,0.7821702299314239,0.7558551441034376
sbj_8,fixed_epoch_loso_v2,EARLY_CONCAT,9,41,05126e86d7454f8bbdcc4ba9453560bb,0.8782965730044395,0.8248623974202759,0.8339637718575121,0.8518444266238974,0.8703703703703703,0.8703703703703703,0.8148148148148148,0.7592592592592592,0.6759259259259259,0.798148148148148,0.8511438420557819,0.8330093235131638
sbj_9,fixed_epoch_loso_v2,EARLY_CONCAT,10,41,9de0402a415147ab9f53428d6779e8c6,0.1604354123660072,0.23442224343940307,0.15582070991301444,0.3325635103926097,0.125,0.125,0.125,0.125,0.125,0.125,0.6519427402862986,0.12825837489227643
sbj_10,fixed_epoch_loso_v2,EARLY_CONCAT,11,41,8cdb0901283744958e7161705130c605,0.45789332956338297,0.578243167433992,0.45297104828716184,0.5328815261044176,0.47777777777777775,0.44999999999999996,0.4222222222222222,0.39814814814814814,0.3703703703703704,0.42370370370370364,0.623236876545005,0.4435118356061706
sbj_11,fixed_epoch_loso_v2,EARLY_CONCAT,12,41,243612fd431d4cc18305c54f8f9673e3,0.9727797962833314,0.9725944473887234,0.971432724111471,0.9594777127420081,0.9814814814814815,0.9814814814814815,0.9629629629629629,0.9629629629629629,0.9629629629629629,0.9703703703703704,0.9123661148977604,0.9747142024011216
sbj_12,fixed_epoch_loso_v2,EARLY_CONCAT,13,41,dffc509b2f674139ad329cc43c571458,0.817857972011887,0.8136929004226637,0.7711244305353556,0.8294585500152952,0.6962962962962963,0.6777777777777778,0.6777777777777778,0.638888888888889,0.638888888888889,0.665925925925926,0.8717424629535002,0.7655345398454587
sbj_13,fixed_epoch_loso_v2,EARLY_CONCAT,14,41,fefbde8de347478b9f2ac35d10808a4e,0.7812084254573847,0.8774988784982579,0.8155305978562419,0.9005531807895398,0.7962962962962963,0.7962962962962963,0.7962962962962963,0.7962962962962963,0.7685185185185185,0.7907407407407407,0.9548666514702531,0.8077897059887968
sbj_14,fixed_epoch_loso_v2,EARLY_CONCAT,15,41,36e48b35562f4d808499c4268cfcc342,0.7370849880985876,0.8169479595930392,0.7300590922507643,0.8046875,0.8179012345679012,0.8179012345679012,0.79320987654321,0.7654320987654322,0.7407407407407408,0.7870370370370371,0.8728334245575625,0.7221271849003865
sbj_15,fixed_epoch_loso_v2,EARLY_CONCAT,16,41,d497048567134e00a9d2e6db694f00ed,0.8969477565346243,0.9032960694548199,0.8969119460109882,0.9227517294388932,0.8888888888888888,0.8888888888888888,0.8888888888888888,0.8611111111111112,0.8055555555555556,0.8666666666666666,0.9289649173673529,0.895131225380079
sbj_16,fixed_epoch_loso_v2,EARLY_CONCAT,17,41,d8d77bf9df6b4b969a93c67954c12afe,0.9484286637349764,0.9700318373068564,0.9572370306563882,0.9616699914505558,0.9722222222222222,0.9722222222222222,0.9722222222222222,0.9722222222222222,0.9722222222222222,0.9722222222222221,0.9669076751946607,0.9566997726264841
sbj_17,fixed_epoch_loso_v2,EARLY_CONCAT,18,41,09fae1acd15f4d768e2f3ee756ac8e04,0.8084652716075947,0.8291614683534828,0.7944368938924846,0.8763754045307444,0.824074074074074,0.824074074074074,0.824074074074074,0.824074074074074,0.8055555555555556,0.8203703703703702,0.9427782888684453,0.786195705282709
sbj_0,fixed_epoch_loso_v2,EARLY_CONCAT,1,47,bdcab2ec3e1a4c3c9cd28d3c3b1c6995,0.7161807132833886,0.5904808116890914,0.5905874515534146,0.6579559692142474,0.6388888888888888,0.6388888888888888,0.6203703703703703,0.5185185185185185,0.3703703703703704,0.5574074074074074,0.6999343401181878,0.5845126244109271
sbj_1,fixed_epoch_loso_v2,EARLY_CONCAT,2,47,ac87243ee1c547e79748c61523488197,0.9027582658181879,0.8918900837311453,0.8760057514191901,0.8779258192293842,0.9444444444444444,0.8888888888888888,0.8055555555555556,0.787037037037037,0.787037037037037,0.8425925925925926,0.8692725860730003,0.8763798161606452
sbj_2,fixed_epoch_loso_v2,EARLY_CONCAT,3,47,2a0832d1007148c8a359d59da3408f07,0.5012238598279098,0.557718239639743,0.49716448066554425,0.680465899522874,0.5385802469135803,0.5385802469135803,0.4969135802469135,0.4660493827160494,0.4660493827160494,0.5012345679012346,0.7769279796048438,0.48162206405780533
sbj_3,fixed_epoch_loso_v2,EARLY_CONCAT,4,47,c4b30dd25e1548bea91c50c987f24ff2,0.5575008824893889,0.478341398382516,0.473747317974304,0.7008393285371702,0.473941798941799,0.40727513227513223,0.398015873015873,0.3729717813051147,0.3228174603174603,0.3950044091710759,0.814251875246743,0.4548303981258352
sbj_4,fixed_epoch_loso_v2,EARLY_CONCAT,5,47,370f6da20958448c8157ef62eb14b3ac,0.7711583416956908,0.7358329862007786,0.7454290431120466,0.7641435511675286,0.8503086419753086,0.8179012345679013,0.7376543209876544,0.6728395061728395,0.5270061728395061,0.7211419753086419,0.7908372827804108,0.7429063631304709
sbj_5,fixed_epoch_loso_v2,EARLY_CONCAT,6,47,2c323bb6e8214f28b635d09317138586,0.3992612309461014,0.4331385389493403,0.385550928347435,0.5491974877878576,0.4101851851851852,0.35370370370370374,0.35370370370370374,0.35370370370370374,0.29814814814814816,0.353888888888889,0.6701231367465975,0.3697413612141482
sbj_6,fixed_epoch_loso_v2,EARLY_CONCAT,7,47,b09f3717181e47f2a3ade08d35603f38,0.7157416381572429,0.7479472184420468,0.7244225045420462,0.7846153846153846,0.7361111111111112,0.7361111111111112,0.7083333333333334,0.7083333333333334,0.7083333333333334,0.7194444444444446,0.7843791722296395,0.7210915785594021
sbj_7,fixed_epoch_loso_v2,EARLY_CONCAT,8,47,9059ca06bbc8491ebdb47598d3f09f9a,0.7484306476732063,0.6981812972675183,0.7015137122041832,0.7636746143057503,0.7870370370370371,0.7870370370370371,0.6574074074074073,0.5462962962962963,0.5185185185185185,0.6592592592592592,0.7845760377729687,0.696899138561473
sbj_8,fixed_epoch_loso_v2,EARLY_CONCAT,9,47,65257708a06b458a8e0c4f97e677e77f,0.8835945514396614,0.8550133030500917,0.856333152816851,0.8763031275060145,0.9166666666666666,0.8611111111111112,0.8055555555555556,0.75,0.75,0.8166666666666667,0.8764991896272285,0.8552128174384966
sbj_9,fixed_epoch_loso_v2,EARLY_CONCAT,10,47,2d4487f63a6b4de984949f4856fd2ad7,0.18947897361317634,0.23852182306134348,0.18777383933906253,0.3392609699769053,0.19444444444444445,0.19444444444444445,0.19444444444444445,0.08333333333333333,0.08333333333333333,0.15000000000000002,0.5025477707006369,0.17028639870786394
sbj_10,fixed_epoch_loso_v2,EARLY_CONCAT,11,47,51dad480eab64b3e9dd3fa5c7b416c65,0.43063504692088056,0.5903517423862402,0.4668322877055521,0.5411646586345381,0.5333333333333333,0.5333333333333333,0.5333333333333333,0.5185185185185185,0.48148148148148145,0.52,0.625624910727039,0.45801047531546946
sbj_11,fixed_epoch_loso_v2,EARLY_CONCAT,12,47,99f270b8fb1f4d118e01f6bb57366bde,0.9702809191776732,0.8695947227622484,0.8979079826591313,0.8919405673120216,0.9444444444444444,0.9444444444444444,0.8888888888888888,0.8888888888888888,0.7777777777777778,0.888888888888889,0.8249496981891348,0.9019612206852423
sbj_12,fixed_epoch_loso_v2,EARLY_CONCAT,13,47,bafed9c09c4046baae3d64ebca795b21,0.8853435934412217,0.8647405402716626,0.8666435812000911,0.9149587029672682,0.7777777777777777,0.7777777777777777,0.7777777777777777,0.7499999999999999,0.7499999999999999,0.7666666666666666,0.9446740858505565,0.8623085531639542
sbj_13,fixed_epoch_loso_v2,EARLY_CONCAT,14,47,45468fc2150e4472ad5711430be8156f,0.8956636187701248,0.9610590462517589,0.9197166628437267,0.9256977621322605,0.8703703703703703,0.8518518518518517,0.8518518518518517,0.7916666666666667,0.7484567901234569,0.8228395061728395,0.9359107122310436,0.9188169934333202
sbj_14,fixed_epoch_loso_v2,EARLY_CONCAT,15,47,f56a6f55a6444ed896da9db7c81a41be,0.8838259633398643,0.9287967798280017,0.8948253449419538,0.89984375,0.9722222222222222,0.9722222222222222,0.9722222222222222,0.9166666666666666,0.898148148148148,0.9462962962962962,0.912550183278059,0.893840631701059
sbj_15,fixed_epoch_loso_v2,EARLY_CONCAT,16,47,6cbc751d2bb94e43b5109ad2ee326356,0.8154887740510687,0.8561989816907714,0.8263669530828197,0.8712528823981552,0.8055555555555556,0.8055555555555556,0.8055555555555556,0.7777777777777778,0.7777777777777778,0.7944444444444445,0.914843287995269,0.8214516011432392
sbj_16,fixed_epoch_loso_v2,EARLY_CONCAT,17,47,b2bd8ac07017457abc09d90c8eb44fd8,0.9524385486600991,0.9555830283971938,0.951317452001438,0.9524080934739242,0.9722222222222222,0.9722222222222222,0.9722222222222222,0.9166666666666666,0.9166666666666666,0.95,0.9563294637921503,0.9510390069019539
sbj_17,fixed_epoch_loso_v2,EARLY_CONCAT,18,47,34822143a26847ac8fa033f140a99b9e,0.9116309974377611,0.9065009278747319,0.89127624856033,0.9122977346278317,0.9537037037037036,0.898148148148148,0.8796296296296295,0.8796296296296295,0.8796296296296295,0.8981481481481481,0.9396176414915768,0.8885906156197051
sbj_0,fixed_epoch_loso_v2,EARLY_CONCAT,1,53,a04805bd94e0457391fb2a2a3ae0c1df,0.7109891274475407,0.6688425903763634,0.6531773055756853,0.7202434222301772,0.662037037037037,0.6435185185185185,0.6157407407407407,0.5416666666666665,0.449074074074074,0.5824074074074074,0.7214309373964889,0.6493854371411962
sbj_1,fixed_epoch_loso_v2,EARLY_CONCAT,2,53,f1b86c79e1ee470db1924c15e2b3f5ed,0.7878985230729544,0.7272615421619738,0.7048834366931478,0.8021245948865683,0.6932098765432099,0.6746913580246914,0.6746913580246914,0.6746913580246914,0.6191358024691358,0.6672839506172841,0.8586829153972346,0.6963390212095875
sbj_2,fixed_epoch_loso_v2,EARLY_CONCAT,3,53,e4d9dc39f9344a14993c6959aa62ffac,0.5521760963154642,0.6362013573988693,0.5870117895083691,0.7530171204041538,0.6296296296296295,0.5833333333333334,0.5648148148148148,0.5648148148148148,0.5648148148148148,0.5814814814814815,0.802674545171824,0.5750305253048438
sbj_3,fixed_epoch_loso_v2,EARLY_CONCAT,4,53,fd3ed95ac59b4f1d976071a2f7d959df,0.5915489215433786,0.4912860174428393,0.49530122525567183,0.761990407673861,0.5251322751322751,0.4973544973544974,0.4801587301587301,0.4351851851851852,0.4351851851851852,0.4746031746031746,0.8538361022960612,0.4753826209756502
sbj_4,fixed_epoch_loso_v2,EARLY_CONCAT,5,53,0c53ff42bd5742ba895376fa58a7f2a1,0.7171671444588095,0.7069869369424057,0.7032079202487398,0.7396959724181162,0.7623456790123456,0.7345679012345678,0.6419753086419753,0.5895061728395061,0.5432098765432098,0.6543209876543209,0.7755038275269489,0.699191480955506
sbj_5,fixed_epoch_loso_v2,EARLY_CONCAT,6,53,398e324c96d342c3821aa0e8a2bb4dcc,0.38570269070375135,0.45341596858136507,0.4048910642708605,0.5847871598046057,0.4225925925925926,0.37925925925925924,0.37925925925925924,0.37925925925925924,0.32370370370370366,0.37681481481481477,0.6965995378012545,0.3886850379636164
sbj_6,fixed_epoch_loso_v2,EARLY_CONCAT,7,53,753dff43ce014daf93c62a7eff2ce3eb,0.8688855515085683,0.8219414651103394,0.8161140480073406,0.8517482517482518,0.8333333333333334,0.75,0.7222222222222222,0.7222222222222222,0.7222222222222222,0.7500000000000001,0.8591208030460367,0.813724783838524
sbj_7,fixed_epoch_loso_v2,EARLY_CONCAT,8,53,2f59fdec89df41928b51f47cf99fc64c,0.7778767241712748,0.7753113912564199,0.7706725656240785,0.8110098176718092,0.8240740740740741,0.8240740740740741,0.7777777777777778,0.6527777777777778,0.6388888888888888,0.7435185185185185,0.8003210917118202,0.7690254252858706
sbj_8,fixed_epoch_loso_v2,EARLY_CONCAT,9,53,6a9de500862f4dde9112c52aefab0366,0.9485775111885699,0.8710984119342426,0.8842542177489116,0.8875300721732157,0.9166666666666666,0.9166666666666666,0.8611111111111112,0.8611111111111112,0.8333333333333334,0.8777777777777779,0.8505303760848602,0.8861277645080256
sbj_9,fixed_epoch_loso_v2,EARLY_CONCAT,10,53,103e97a49f4447f49caa2bf070a263da,0.12514654500289182,0.202913092733452,0.13800655992530297,0.3096997690531178,0.1388888888888889,0.1388888888888889,0.1388888888888889,0.1388888888888889,0.1388888888888889,0.1388888888888889,0.4564174894217207,0.12031706384216867
sbj_10,fixed_epoch_loso_v2,EARLY_CONCAT,11,53,8df6ab415e364859be57a4393d9a58b8,0.6251366086546333,0.6841577025455869,0.5940460329574466,0.620105421686747,0.6444444444444444,0.6444444444444444,0.5888888888888889,0.5425925925925925,0.487037037037037,0.5814814814814814,0.6714324993126203,0.5897467848266036
sbj_11,fixed_epoch_loso_v2,EARLY_CONCAT,12,53,d3a2fb429c47490e8e0846e35aca4162,0.9210976284903779,0.8804625647086658,0.8915348847584464,0.9002701485817199,0.9074074074074073,0.9074074074074073,0.9074074074074073,0.8518518518518519,0.8518518518518519,0.8851851851851851,0.8294478527607362,0.8949841643138748
sbj_12,fixed_epoch_loso_v2,EARLY_CONCAT,13,53,7a26d79c5f434cc59d0c5410ced0a84f,0.893781401786679,0.9329195922479762,0.9028754658144396,0.8886509635974305,0.8518518518518517,0.8518518518518517,0.8518518518518517,0.8148148148148148,0.787037037037037,0.8314814814814815,0.8853314772925004,0.9038501318434362
sbj_13,fixed_epoch_loso_v2,EARLY_CONCAT,14,53,2444c8a710914fecbfce4136335722a9,0.8958311573804455,0.9572802377884895,0.9154990888332893,0.9317324616545134,0.8703703703703703,0.8703703703703703,0.8703703703703703,0.8425925925925926,0.8040123456790123,0.8515432098765432,0.9511355815554026,0.9135192836820608
sbj_14,fixed_epoch_loso_v2,EARLY_CONCAT,15,53,ddaf18e1b7f44464a9536f1ea2a501b1,0.8366674434705201,0.908153149795633,0.858034107092378,0.86703125,0.8904320987654322,0.8904320987654322,0.8904320987654322,0.8904320987654322,0.8487654320987654,0.8820987654320988,0.8797423049391553,0.8568280961008905
sbj_15,fixed_epoch_loso_v2,EARLY_CONCAT,16,53,6357f4991dae4646ad733f6737e344af,0.8491542496779664,0.7934986838981087,0.8045202954822869,0.8524212144504227,0.8055555555555556,0.8055555555555556,0.8055555555555556,0.75,0.6388888888888888,0.7611111111111112,0.8309750450218678,0.8030505871745324
sbj_16,fixed_epoch_loso_v2,EARLY_CONCAT,17,53,9ab9ed521f194daba11d5630b2208096,0.8822810308433581,0.8895978508095123,0.8756219387358165,0.9210601310914791,0.9166666666666666,0.8888888888888888,0.8641975308641975,0.7808641975308642,0.7808641975308642,0.8462962962962962,0.9480750787779147,0.8715967642890333
sbj_17,fixed_epoch_loso_v2,EARLY_CONCAT,18,53,0bf6d505a3ad40579bf3109434948e2b,0.9648620457436677,0.9635665162541012,0.9629781316201808,0.9590614886731391,0.9722222222222222,0.9722222222222222,0.9722222222222222,0.9722222222222222,0.9722222222222222,0.9722222222222221,0.9528776308437326,0.9635392705522057
sbj_0,fixed_epoch_loso_v2,FIXED_WINDOW_ATTENTION,1,41,7a7179211aa1420db8c08df5fc66a92f,0.7619849879087067,0.6620211044077766,0.6784016122465435,0.7299087166636835,0.6111111111111112,0.5694444444444444,0.5231481481481481,0.5231481481481481,0.38425925925925924,0.5222222222222223,0.6942572986846327,0.6775207407777608
sbj_1,fixed_epoch_loso_v2,FIXED_WINDOW_ATTENTION,2,41,3aba68120e9a415c936e7a9ac41f8a10,0.7625752015932474,0.785313841542592,0.7582023581240587,0.8078862081382787,0.7638888888888888,0.7453703703703703,0.7037037037037037,0.6527777777777779,0.5694444444444444,0.687037037037037,0.8461157842652153,0.7533182788939944
sbj_2,fixed_epoch_loso_v2,FIXED_WINDOW_ATTENTION,3,41,462d17cfece24af3805cb3fa37dc43ac,0.3805842001881953,0.4159390457281698,0.37106248717224904,0.5418186921133876,0.37037037037037035,0.35185185185185186,0.35185185185185186,0.35185185185185186,0.35185185185185186,0.3555555555555555,0.7027310924369747,0.352636453546431
sbj_3,fixed_epoch_loso_v2,FIXED_WINDOW_ATTENTION,4,41,56b2011cdf884623bfe192356f559337,0.7224119028451905,0.5068045958888832,0.5418056919966704,0.742326139088729,0.5194003527336861,0.5194003527336861,0.5008818342151675,0.4817019400352734,0.42923280423280424,0.4901234567901235,0.8230376219228983,0.5261816958896577
sbj_4,fixed_epoch_loso_v2,FIXED_WINDOW_ATTENTION,5,41,2c8b7d262e764fa78dafd1f354947988,0.7397983344422415,0.7802821229430196,0.73895256805022,0.7252781695658987,0.8379629629629629,0.824074074074074,0.6944444444444443,0.6481481481481481,0.5925925925925926,0.7194444444444443,0.7430097951914515,0.7387271665423739
sbj_5,fixed_epoch_loso_v2,FIXED_WINDOW_ATTENTION,6,41,a0b84a3def0c4fccb1df4b6522bc51aa,0.568300828429949,0.5732823480163012,0.5355656296728528,0.6515468713654339,0.5842592592592593,0.5657407407407408,0.5657407407407408,0.5101851851851852,0.5101851851851852,0.5472222222222223,0.7382501807664498,0.5243053768343197
sbj_6,fixed_epoch_loso_v2,FIXED_WINDOW_ATTENTION,7,41,ac4a9e2e478441ac8f0d37edf9f49987,0.7208235711275057,0.7470186984934996,0.7023770774523858,0.7836163836163836,0.7083333333333334,0.7083333333333334,0.6527777777777778,0.5555555555555556,0.5555555555555556,0.6361111111111111,0.8477869737315581,0.6942987498813207
sbj_7,fixed_epoch_loso_v2,FIXED_WINDOW_ATTENTION,8,41,63f9dec3ef774028b5539cdfab55923f,0.8172616012900503,0.7993807687636382,0.7837654232372593,0.8192496493688639,0.8240740740740741,0.8101851851851852,0.7777777777777778,0.75,0.6944444444444444,0.7712962962962964,0.8134031413612566,0.7821188833414817
sbj_8,fixed_epoch_loso_v2,FIXED_WINDOW_ATTENTION,9,41,122aa9c91774475d9176e14a8aa6d7bc,0.8122368232360234,0.8163077966353344,0.8014174390504791,0.8496391339214114,0.824074074074074,0.824074074074074,0.7870370370370371,0.7870370370370371,0.6759259259259259,0.7796296296296297,0.8792489478795726,0.7970934663377517
sbj_9,fixed_epoch_loso_v2,FIXED_WINDOW_ATTENTION,10,41,4146e73ccd4c4c91b16a1f0ca47ecff7,0.19229611471739863,0.29295159489675354,0.2168088938558674,0.38244803695150115,0.20833333333333334,0.20833333333333334,0.20833333333333334,0.20833333333333334,0.20833333333333334,0.20833333333333334,0.6081288343558282,0.19506889716142517
sbj_10,fixed_epoch_loso_v2,FIXED_WINDOW_ATTENTION,11,41,0b1aec094ceb4ae9873fc5bf571a73b5,0.43928000061378303,0.589596322582674,0.47524365105203575,0.5776857429718876,0.5339506172839505,0.5,0.4722222222222222,0.4722222222222222,0.4722222222222222,0.4901234567901235,0.6529434902320703,0.46537143776425605
sbj_11,fixed_epoch_loso_v2,FIXED_WINDOW_ATTENTION,12,41,08935a3fc6054522a1e531df2f09d52c,0.9697668973829178,0.9311912591097254,0.9394951224628088,0.9335884736605132,0.9444444444444444,0.9444444444444444,0.9444444444444444,0.9444444444444444,0.9444444444444444,0.9444444444444444,0.8739946380697051,0.9431340382624257
sbj_12,fixed_epoch_loso_v2,FIXED_WINDOW_ATTENTION,13,41,479bb9d749964415b82f05071fba25df,0.8500899391356572,0.8636927605832184,0.8387358651280371,0.8758029978586723,0.7962962962962963,0.7962962962962963,0.7777777777777777,0.7592592592592592,0.7592592592592592,0.7777777777777777,0.8960184271141823,0.8355535005732513
sbj_13,fixed_epoch_loso_v2,FIXED_WINDOW_ATTENTION,14,41,42887c7d5e2f4cc780a0e2a8e82807c6,0.9146605378799464,0.9776844904436107,0.9423122748890319,0.9474478249937138,0.8703703703703703,0.8703703703703703,0.8703703703703703,0.8703703703703703,0.8518518518518517,0.8666666666666666,0.9544780376497433,0.9416363991801036
sbj_14,fixed_epoch_loso_v2,FIXED_WINDOW_ATTENTION,15,41,95963ae136ec43409aa63457381f439a,0.8974979636887478,0.953103554054142,0.9167689232935962,0.90265625,0.9814814814814814,0.9814814814814814,0.9814814814814814,0.9814814814814814,0.9320987654320988,0.9716049382716049,0.8974902792506186,0.9178399590737616
sbj_15,fixed_epoch_loso_v2,FIXED_WINDOW_ATTENTION,16,41,7244c6797c0a4621a334de9b1c2ae28d,0.8808233506878002,0.8725414244779127,0.8602932870777577,0.9014219830899308,0.8796296296296295,0.8796296296296295,0.824074074074074,0.7407407407407407,0.7407407407407407,0.8129629629629628,0.9408335762168464,0.8558188265700304
sbj_16,fixed_epoch_loso_v2,FIXED_WINDOW_ATTENTION,17,41,4511e61224364d4a96be40500dc147ce,0.9489403529655961,0.8939303077853724,0.8999880918029652,0.9383015104018239,0.9444444444444444,0.8888888888888888,0.8611111111111112,0.8055555555555556,0.8055555555555556,0.861111111111111,0.9633916554508748,0.8964656716003037
sbj_17,fixed_epoch_loso_v2,FIXED_WINDOW_ATTENTION,18,41,3720b5d3b9264290b59298fff896a4a0,0.8700381468147984,0.8885322235704961,0.8690572417494625,0.9067961165048544,0.898148148148148,0.8425925925925926,0.8148148148148149,0.8148148148148149,0.7901234567901235,0.8320987654320987,0.9301810121906169,0.865661476724954
sbj_0,fixed_epoch_loso_v2,FIXED_WINDOW_ATTENTION,1,47,4b1ef59840a34f5d91523963c542363d,0.6391198294206117,0.6051255594943216,0.5953245011291436,0.6815822444961518,0.6597222222222222,0.5763888888888888,0.5486111111111112,0.5300925925925926,0.4574074074074074,0.5544444444444444,0.6630920464700626,0.5915596374990926
sbj_1,fixed_epoch_loso_v2,FIXED_WINDOW_ATTENTION,2,47,d74f7e97610b4357a0f92b30e8243a97,0.849022077288629,0.7914835715287613,0.7693347764032591,0.8165286280158445,0.75,0.75,0.7222222222222222,0.7037037037037037,0.6481481481481481,0.7148148148148149,0.848142924306535,0.7649565459641882
sbj_2,fixed_epoch_loso_v2,FIXED_WINDOW_ATTENTION,3,47,ac689b60fb4c4531ab1a2e79c8747a00,0.5636551048540546,0.5491614440877328,0.5232748771125653,0.6982879595846198,0.5222222222222221,0.5222222222222221,0.5037037037037037,0.48055555555555546,0.48055555555555546,0.5018518518518518,0.7836204291326685,0.5088112353336707
sbj_3,fixed_epoch_loso_v2,FIXED_WINDOW_ATTENTION,4,47,7111608e83e640808475706807bab468,0.7558055210105415,0.6408418836079237,0.6557076349045357,0.8175059952038369,0.6994708994708995,0.6716931216931217,0.6578042328042328,0.6392857142857142,0.6085978835978837,0.6553703703703704,0.8847761194029851,0.6429816079879551
sbj_4,fixed_epoch_loso_v2,FIXED_WINDOW_ATTENTION,5,47,f01dcace68d2486db82f952cabc4ce2b,0.7629341785004052,0.7318507596183895,0.7336103291759694,0.7376586741889986,0.8074074074074074,0.7716049382716048,0.632716049382716,0.632716049382716,0.5679012345679012,0.682469135802469,0.7589974293059126,0.7321999347243059
sbj_5,fixed_epoch_loso_v2,FIXED_WINDOW_ATTENTION,6,47,9a4ec533bc33469895f9abe967497bd4,0.474983582795654,0.42252808582601126,0.3979526015167749,0.5787392416841126,0.41944444444444445,0.3638888888888889,0.35,0.35,0.3314814814814815,0.362962962962963,0.6404214028278348,0.3844821125550493
sbj_6,fixed_epoch_loso_v2,FIXED_WINDOW_ATTENTION,7,47,9f7ea43b6c964c99bd5bc916fcfdc029,0.7910279811991124,0.7541961214016312,0.7306846944431666,0.8001998001998002,0.6944444444444444,0.6944444444444444,0.6666666666666666,0.6666666666666666,0.6666666666666666,0.6777777777777777,0.8329395882551468,0.7250038670091677
sbj_7,fixed_epoch_loso_v2,FIXED_WINDOW_ATTENTION,8,47,920c0f5a638b4080a12451b151efa7d9,0.8693515170117885,0.8377756870818386,0.8468591943971459,0.8451963534361852,0.9197530864197532,0.9074074074074073,0.8333333333333334,0.6944444444444444,0.6388888888888888,0.7987654320987654,0.8248252488879475,0.8480833024809902
sbj_8,fixed_epoch_loso_v2,FIXED_WINDOW_ATTENTION,9,47,9b5a6c3159bb4043b2435fbe4f4a3af3,0.9720813566474586,0.8694253844249819,0.9064413874755016,0.8935445068163592,0.9166666666666666,0.9166666666666666,0.7638888888888888,0.7638888888888888,0.6111111111111112,0.7944444444444445,0.8397318708104814,0.9101474717346694
sbj_9,fixed_epoch_loso_v2,FIXED_WINDOW_ATTENTION,10,47,305594b2c2b84e3faf6cbf2225a9741c,0.18588417258261278,0.2634694744841671,0.1957829635176564,0.36789838337182446,0.18055555555555555,0.125,0.125,0.125,0.125,0.13611111111111113,0.4576414297776527,0.1812352709476566
sbj_10,fixed_epoch_loso_v2,FIXED_WINDOW_ATTENTION,11,47,c8e2991db7ce4d56ac59118a596a6d4a,0.3841418801248283,0.5669312260995214,0.4297913594217269,0.5558483935742972,0.49444444444444446,0.4666666666666667,0.4388888888888889,0.4388888888888889,0.4236111111111111,0.45249999999999996,0.6719598829920602,0.4163375525567084
sbj_11,fixed_epoch_loso_v2,FIXED_WINDOW_ATTENTION,12,47,1a2aead65a754cc69ce857122483aa1b,0.9804347420882078,0.9340319511827282,0.9492238872475258,0.9403421882035119,1.0,0.9444444444444444,0.9444444444444444,0.9444444444444444,0.9444444444444444,0.9555555555555555,0.8825875055383252,0.9529259084535925
sbj_12,fixed_epoch_loso_v2,FIXED_WINDOW_ATTENTION,13,47,da7001c467a8480a9acf80954b8d4c05,0.9641811129586172,0.9129417859637752,0.9275417642634793,0.9333129397369226,0.8333333333333333,0.8333333333333333,0.8333333333333333,0.8333333333333333,0.8333333333333333,0.8333333333333333,0.9310780904204868,0.927345301699201
sbj_13,fixed_epoch_loso_v2,FIXED_WINDOW_ATTENTION,14,47,0a9b2d22aaae4c79a2a1d066919f5be2,0.9118054816166942,0.9278664472467557,0.9037201970713158,0.9327382449082223,0.8425925925925926,0.8425925925925926,0.7731481481481481,0.7546296296296295,0.736111111111111,0.7898148148148147,0.9579549276824756,0.9007071564818069
sbj_14,fixed_epoch_loso_v2,FIXED_WINDOW_ATTENTION,15,47,f457d54e28b94c028d642bc2ead92058,0.9067220954272583,0.9470008581354442,0.919795001233085,0.9196875,1.0,1.0,0.9444444444444444,0.9444444444444444,0.8989197530864198,0.9575617283950619,0.9254712087151997,0.9194796563729677
sbj_15,fixed_epoch_loso_v2,FIXED_WINDOW_ATTENTION,16,47,5c487453e28842d9996235d38bb23a92,0.7698037925204317,0.798431647949727,0.7763469163389892,0.8259031514219831,0.75,0.75,0.75,0.7222222222222222,0.7222222222222222,0.7388888888888889,0.859892442683272,0.7717054982087513
sbj_16,fixed_epoch_loso_v2,FIXED_WINDOW_ATTENTION,17,47,e11c5fc5b9a64d0c94b8447f4e98f8a9,0.9412302966208101,0.8986047418085469,0.89713012180063,0.9264747791393559,0.9074074074074073,0.9074074074074073,0.9074074074074073,0.7962962962962963,0.7962962962962963,0.8629629629629629,0.9407618273010709,0.8947061381617166
sbj_17,fixed_epoch_loso_v2,FIXED_WINDOW_ATTENTION,18,47,09380e6ad1704b949a498a96247ef900,0.9058358978383625,0.8600291601701612,0.8614229874074822,0.8770226537216829,0.9351851851851851,0.9351851851851851,0.7546296296296295,0.7361111111111112,0.6728395061728395,0.8067901234567902,0.8951820522250827,0.8595474838065045
sbj_0,fixed_epoch_loso_v2,FIXED_WINDOW_ATTENTION,1,53,1185be42812d4ba9b3d7e75a9ff2fa74,0.7753660531425058,0.6829595600640928,0.6747122141880485,0.7367102201539287,0.712962962962963,0.6666666666666666,0.6435185185185185,0.6435185185185185,0.5462962962962963,0.6425925925925926,0.712491738268341,0.6726133517391434
sbj_1,fixed_epoch_loso_v2,FIXED_WINDOW_ATTENTION,2,53,00a928d3fc6741ef91ca6b0f7742a2b5,0.7847134680324879,0.797729213039231,0.7676513221700549,0.821750090025207,0.7407407407407407,0.7407407407407407,0.6851851851851851,0.6666666666666665,0.5401234567901235,0.6746913580246913,0.8417540514775977,0.7635345038751915
sbj_2,fixed_epoch_loso_v2,FIXED_WINDOW_ATTENTION,3,53,89d83ae6504448f287b65404c933b06d,0.5432805891655059,0.4597862709197679,0.44160421012000417,0.5481335952848723,0.48148148148148145,0.4583333333333333,0.4212962962962963,0.40740740740740744,0.35185185185185186,0.42407407407407405,0.6064209274673008,0.43244772582293217
sbj_3,fixed_epoch_loso_v2,FIXED_WINDOW_ATTENTION,4,53,4868b9fe55334a04a458e3d589774292,0.844915291253434,0.6372081773524293,0.6808988039805588,0.8075539568345323,0.6741622574955908,0.6417548500881834,0.6209215167548501,0.5584215167548501,0.5226190476190475,0.6035758377425043,0.8615021163500345,0.670865286626699
sbj_4,fixed_epoch_loso_v2,FIXED_WINDOW_ATTENTION,5,53,c0a16f4198044bb78415964b1ac01b00,0.7961043258650751,0.7308435771540192,0.7450353333227491,0.7744867575615108,0.824074074074074,0.7916666666666665,0.736111111111111,0.6527777777777778,0.5648148148148148,0.7138888888888888,0.8046718918088213,0.741722191184634
sbj_5,fixed_epoch_loso_v2,FIXED_WINDOW_ATTENTION,6,53,4041c98ea7c04e54a3564668aee16dc3,0.5411295732350236,0.5353990286104167,0.5135871255271397,0.6396836473598512,0.549074074074074,0.5296296296296297,0.5296296296296297,0.4185185185185185,0.4185185185185185,0.4890740740740741,0.7088772845953003,0.5027376722455752
sbj_6,fixed_epoch_loso_v2,FIXED_WINDOW_ATTENTION,7,53,e850c8b1f11c437eaf032476081bc9b6,0.7254980281247254,0.7743244031863736,0.7400267063519481,0.8103896103896104,0.7222222222222222,0.7222222222222222,0.6944444444444444,0.6944444444444444,0.6944444444444444,0.7055555555555555,0.8426812585499316,0.7343236756742823
sbj_7,fixed_epoch_loso_v2,FIXED_WINDOW_ATTENTION,8,53,ab0968a96d8645e38daccc3e65c56f60,0.7906579902046316,0.7636907081297294,0.7681079531238466,0.8131136044880786,0.8179012345679012,0.8055555555555556,0.7592592592592592,0.6759259259259259,0.6759259259259259,0.7469135802469136,0.8149920255183413,0.7655032824352636
sbj_8,fixed_epoch_loso_v2,FIXED_WINDOW_ATTENTION,9,53,4ce1259f38f54398a388826bdb627dd9,0.7806391953409948,0.7255600157257642,0.731119224417574,0.785485164394547,0.6944444444444444,0.6666666666666666,0.6111111111111112,0.6111111111111112,0.6111111111111112,0.638888888888889,0.7598784194528876,0.7295214913600566
sbj_9,fixed_epoch_loso_v2,FIXED_WINDOW_ATTENTION,10,53,e9ae5c275e77459caa40b00491b6e496,0.14960762706941894,0.20250181220881952,0.15057058128780693,0.3110854503464203,0.19444444444444445,0.1388888888888889,0.1388888888888889,0.08333333333333333,0.08333333333333333,0.1277777777777778,0.43832599118942733,0.1345841696266058
sbj_10,fixed_epoch_loso_v2,FIXED_WINDOW_ATTENTION,11,53,790979c2fb784628b9814ac7a9b8a451,0.5769765063973696,0.7089685404945483,0.5992495274078701,0.6326556224899599,0.6052469135802468,0.6052469135802468,0.6052469135802468,0.6052469135802468,0.5941358024691358,0.6030246913580246,0.6622336816392997,0.5957504077283462
sbj_11,fixed_epoch_loso_v2,FIXED_WINDOW_ATTENTION,12,53,43159af9500d44bca2f1e885a710fd72,0.924162195333066,0.8815193679360573,0.8927023263695646,0.8986942818550203,0.9444444444444444,0.8888888888888888,0.8888888888888888,0.8888888888888888,0.8888888888888888,0.9,0.8170731707317073,0.8969039461272234
sbj_12,fixed_epoch_loso_v2,FIXED_WINDOW_ATTENTION,13,53,d68d208cd86742d1842eda545480b93a,0.8877614231233132,0.8861115812872584,0.8753145358847121,0.9155705108595901,0.7703703703703704,0.7703703703703704,0.7592592592592592,0.7592592592592592,0.7314814814814815,0.758148148148148,0.9397668393782384,0.8717338523572941
sbj_13,fixed_epoch_loso_v2,FIXED_WINDOW_ATTENTION,14,53,02892cb4962544478f02d86453218d8c,0.9195278658740645,0.9771943099664784,0.9431709501515123,0.9469449333668595,0.8703703703703703,0.8703703703703703,0.8564814814814814,0.8425925925925926,0.7932098765432098,0.8466049382716049,0.9524894610914891,0.9426532550992914
sbj_14,fixed_epoch_loso_v2,FIXED_WINDOW_ATTENTION,15,53,4279ad3ef4f34ed891a2ddb51660cc56,0.9097511987676854,0.9487787027629112,0.9220803979198278,0.91765625,1.0,1.0,1.0,1.0,0.8742283950617283,0.9748456790123458,0.9207285342584562,0.9221555014565708
sbj_15,fixed_epoch_loso_v2,FIXED_WINDOW_ATTENTION,16,53,95c6b4a58ecf424cb21035119964a7e1,0.9119568300868552,0.9219134592510522,0.9140278042944285,0.9373558800922367,0.8888888888888888,0.8888888888888888,0.8888888888888888,0.8611111111111112,0.8611111111111112,0.8777777777777779,0.9362816409659587,0.9127914800348991
sbj_16,fixed_epoch_loso_v2,FIXED_WINDOW_ATTENTION,17,53,aa97ce881166487982a0f1808135f847,0.9501938123735494,0.9388345572042087,0.9361896785995005,0.9499857509261898,0.9722222222222222,0.9722222222222222,0.9166666666666666,0.9166666666666666,0.9166666666666666,0.9388888888888889,0.9611743723418851,0.934801640058257
sbj_17,fixed_epoch_loso_v2,FIXED_WINDOW_ATTENTION,18,53,9cf411b4a86140a3b7c5aa286bbe09c5,0.9453695891334528,0.9496640997495274,0.9415799241144479,0.9373786407766991,0.9722222222222222,0.9537037037037037,0.9351851851851851,0.9351851851851851,0.8703703703703703,0.9333333333333333,0.9334593572778828,0.9420310667164793
sbj_0,fixed_epoch_loso_v2,FINAL_MODEL,1,41,9588d6efb13e4f9a86b5d52a2d4debe5,0.6426921436055214,0.5905684763300443,0.5795579232223187,0.684267048505459,0.5796296296296295,0.5703703703703703,0.524074074074074,0.49629629629629624,0.38518518518518524,0.5111111111111111,0.7307822553335591,0.571156571438361
sbj_1,fixed_epoch_loso_v2,FINAL_MODEL,2,41,cd4d3f91e467435a8d1654d88f46c56b,0.7832974266301026,0.7833078548609108,0.7522739080897247,0.7960028808066258,0.6805555555555555,0.662037037037037,0.662037037037037,0.662037037037037,0.5925925925925927,0.6518518518518519,0.8332071662881655,0.7477776159675892
sbj_2,fixed_epoch_loso_v2,FINAL_MODEL,3,41,dc4ce0857d574fd2986149857119e691,0.5836809591062321,0.6142128905310881,0.5576923434036899,0.6723266909907382,0.5833333333333334,0.5509259259259259,0.4722222222222222,0.4722222222222222,0.4722222222222222,0.5101851851851852,0.7515991471215352,0.546919743197143
sbj_3,fixed_epoch_loso_v2,FINAL_MODEL,4,41,dbd27302be2848f5b9339574c6fd8d6f,0.6621043841182589,0.5531376815389546,0.5514399837084435,0.7587529976019185,0.5473041068279163,0.5195263290501386,0.5102670697908793,0.46141975308641975,0.39111552028218693,0.4859265558075082,0.8451171875,0.5351245834978015
sbj_4,fixed_epoch_loso_v2,FINAL_MODEL,5,41,ec29c921d31243ea97fb410f8c0f14df,0.7475215054340548,0.7879768520470781,0.7399648752340515,0.7020843128036358,0.8425925925925926,0.787037037037037,0.7314814814814814,0.6203703703703703,0.6018518518518517,0.7166666666666666,0.734598083317035,0.7402630303405524
sbj_5,fixed_epoch_loso_v2,FINAL_MODEL,6,41,8bd7c411b1dd4f55877474c99e1cd1ee,0.7073977755377917,0.7037815406667516,0.6781657885856601,0.7462200511746918,0.7388888888888889,0.7203703703703703,0.5814814814814815,0.5814814814814815,0.4425925925925926,0.6129629629629629,0.7765254566653712,0.6727013625812317
sbj_6,fixed_epoch_loso_v2,FINAL_MODEL,7,41,63c902686c9a46cc8bf1cb10912b0ac6,0.8790621356010432,0.898394340428783,0.8805770893128532,0.9006993006993007,0.8472222222222222,0.8472222222222222,0.8194444444444444,0.8194444444444444,0.8194444444444444,0.8305555555555555,0.8953532300717794,0.8797561926040238
sbj_7,fixed_epoch_loso_v2,FINAL_MODEL,8,41,dcb0d6f14bea40079ae750280eb742b2,0.7822749719439615,0.7499920434903702,0.7376688112811349,0.7824333800841514,0.8225308641975309,0.7962962962962963,0.6666666666666666,0.6666666666666666,0.6388888888888888,0.7182098765432098,0.7908713692946058,0.7347131136137198
sbj_8,fixed_epoch_loso_v2,FINAL_MODEL,9,41,7894bf5f18d9495d96b50ad96f170c55,0.7622327049800145,0.7787574061906586,0.7552758537264979,0.820168404170008,0.8055555555555556,0.8055555555555556,0.8055555555555556,0.75,0.6944444444444444,0.7722222222222224,0.8539682539682539,0.7497929426019558
sbj_9,fixed_epoch_loso_v2,FINAL_MODEL,10,41,b046c00cf7c14b9f83ce031d86f74313,0.2532612971823498,0.34726948728027146,0.2659942922303208,0.42886836027713626,0.3055555555555556,0.25,0.25,0.2361111111111111,0.18055555555555555,0.24444444444444446,0.6324927656056222,0.24563326593169293
sbj_10,fixed_epoch_loso_v2,FINAL_MODEL,11,41,bddb8767f2a84970a57c24d60304f43e,0.49527936524335353,0.6374590091522819,0.5220502436812146,0.5909889558232931,0.5555555555555556,0.5555555555555556,0.5277777777777778,0.5,0.4861111111111111,0.525,0.6723875432525952,0.5136981714828045
sbj_11,fixed_epoch_loso_v2,FINAL_MODEL,12,41,aa55e58f458041dbb93719f5c6d91f28,0.963492771328179,0.9250797032374479,0.9342378952653274,0.9252588923908149,1.0,1.0,0.9444444444444444,0.9444444444444444,0.8888888888888888,0.9555555555555557,0.8690909090909091,0.9378571722750172
sbj_12,fixed_epoch_loso_v2,FINAL_MODEL,13,41,f9e4e6a7ae584146b6917d49d954ba6b,0.9116532628176406,0.9608206941115952,0.9317857684906388,0.9233710614866931,0.8333333333333333,0.7962962962962963,0.7962962962962963,0.7962962962962963,0.7962962962962963,0.8037037037037036,0.9145780051150895,0.932741755344836
sbj_13,fixed_epoch_loso_v2,FINAL_MODEL,14,41,ad8f662b850f4f8cbb57ea267dc1105e,0.8744688093364507,0.9175715845330473,0.8878470050832197,0.935378425949208,0.7980599647266314,0.7980599647266314,0.7980599647266314,0.7980599647266314,0.7980599647266314,0.7980599647266314,0.963720094350219,0.8836318334572753
sbj_14,fixed_epoch_loso_v2,FINAL_MODEL,15,41,eb21401dfd51420196ffdaf10e92855e,0.8937715050617691,0.9633755098055827,0.915066357217905,0.88203125,0.949074074074074,0.949074074074074,0.949074074074074,0.949074074074074,0.9243827160493827,0.9441358024691358,0.8618986647155661,0.9180201179124795
sbj_15,fixed_epoch_loso_v2,FINAL_MODEL,16,41,365b7c9eb9804c67b596890086961c53,0.8543729948668614,0.8618273421051245,0.8405438813507322,0.8856648731744812,0.8055555555555556,0.8055555555555556,0.8055555555555556,0.7777777777777778,0.7777777777777778,0.7944444444444445,0.9176748303334317,0.8362588286294712
sbj_16,fixed_epoch_loso_v2,FINAL_MODEL,17,41,24cf5536ae05433599451e0fd1b0700b,0.9383006760138851,0.9726396126452074,0.9496284886289059,0.9438586491878028,0.9722222222222222,0.9722222222222222,0.9722222222222222,0.9722222222222222,0.9722222222222222,0.9722222222222221,0.944578313253012,0.9499090539275667
sbj_17,fixed_epoch_loso_v2,FINAL_MODEL,18,41,b06cbe0a334642a397d44b92d812fc91,0.9273423924375439,0.9758769414988503,0.9476559103941996,0.9355987055016182,0.9675925925925924,0.9675925925925924,0.9398148148148149,0.9398148148148149,0.9212962962962964,0.9472222222222223,0.9223224794036877,0.9490633232270059
sbj_0,fixed_epoch_loso_v2,FINAL_MODEL,1,47,fede37473e02455cbeb3dea9021e97c0,0.6863054902533037,0.6422209210199932,0.6206940911276458,0.7035976373724718,0.7222222222222222,0.6666666666666666,0.5555555555555556,0.5277777777777778,0.4537037037037038,0.5851851851851853,0.746026139173437,0.6137311995695462
sbj_1,fixed_epoch_loso_v2,FINAL_MODEL,2,47,6162b613e85f4595a4119f58c27f6289,0.9370322188955414,0.8826521615059162,0.8984129778100202,0.8955707598127476,0.8842592592592592,0.8842592592592592,0.8564814814814814,0.8564814814814814,0.8009259259259259,0.8564814814814815,0.8951869044710481,0.8985922041066297
sbj_2,fixed_epoch_loso_v2,FINAL_MODEL,3,47,d334521c3bbf4dbf8f4ff53fe10d95b2,0.5120371416449113,0.6039064600311276,0.5197908681293469,0.6738703339882122,0.5474537037037037,0.5243055555555556,0.5243055555555556,0.4861111111111111,0.4629629629629629,0.5090277777777777,0.7949659150498165,0.5045033655226542
sbj_3,fixed_epoch_loso_v2,FINAL_MODEL,4,47,83e2fbb850f34812abb54e1b2886cd8d,0.7032147744885849,0.5899133638757527,0.604645706997449,0.7657074340527578,0.6171186067019401,0.6067019400352733,0.5928130511463845,0.560405643738977,0.5246913580246912,0.5803461199294533,0.8422372227579557,0.5914461783440876
sbj_4,fixed_epoch_loso_v2,FINAL_MODEL,5,47,b9df492072ff4c10bed51beb787e9ebc,0.7522851068940257,0.7396974038674898,0.7058074791283845,0.7420467011440213,0.824074074074074,0.7685185185185185,0.75,0.675925925925926,0.5925925925925927,0.7222222222222222,0.7959009393680615,0.7008022868928468
sbj_5,fixed_epoch_loso_v2,FINAL_MODEL,6,47,7150202797f34f0782a5bb8fb54dc452,0.6417865956930845,0.5935459646229579,0.5945564589920714,0.6938822982088858,0.6481481481481481,0.5925925925925926,0.5185185185185186,0.462962962962963,0.462962962962963,0.537037037037037,0.7180833606826387,0.5876938533425955
sbj_6,fixed_epoch_loso_v2,FINAL_MODEL,7,47,1f5b23e79c8242219b1880b6f4150afb,0.8761121111707503,0.8465971909017482,0.8430472331477867,0.8691308691308691,0.875,0.8194444444444444,0.75,0.75,0.7222222222222222,0.7833333333333334,0.8638928067700987,0.8418891457243249
sbj_7,fixed_epoch_loso_v2,FINAL_MODEL,8,47,c40b758b524341e4815ec8f078bfbc12,0.7475690257744678,0.7512505661376481,0.7410265795827096,0.8010168302945302,0.7824074074074074,0.7824074074074074,0.7361111111111112,0.6944444444444444,0.6388888888888888,0.7268518518518519,0.8203140934121966,0.7366217177032935
sbj_8,fixed_epoch_loso_v2,FINAL_MODEL,9,47,b3b539901c7a4a3ebf8d513caebf08cd,0.966350104672225,0.9049105477115469,0.9285936702464811,0.9135926222935045,0.9722222222222222,0.9722222222222222,0.9305555555555556,0.9305555555555556,0.8888888888888888,0.9388888888888889,0.8665811417575369,0.9320388107180891
sbj_9,fixed_epoch_loso_v2,FINAL_MODEL,10,47,6e5654bf5e3344ea81e18fa37f9ed318,0.28572606789813315,0.34157934991221045,0.2662467149799977,0.4228637413394919,0.2037037037037037,0.2037037037037037,0.2037037037037037,0.19444444444444445,0.19444444444444445,0.19999999999999998,0.6071861122325394,0.24730563735485647
sbj_10,fixed_epoch_loso_v2,FINAL_MODEL,11,47,28f496de6dd84a498bc0488703f4c267,0.45974385171257137,0.5261787915198756,0.42155305009931743,0.5086596385542169,0.44135802469135804,0.44135802469135804,0.4074074074074074,0.4074074074074074,0.4074074074074074,0.42098765432098767,0.6295344187375036,0.4099985296194182
sbj_11,fixed_epoch_loso_v2,FINAL_MODEL,12,47,cfabb8ef73334772aa5508085bc858ae,0.9290628722093729,0.8891822086535996,0.90323150704205,0.9092751013057181,0.925925925925926,0.925925925925926,0.925925925925926,0.8703703703703703,0.8703703703703703,0.9037037037037038,0.8351738241308794,0.9070124894260039
sbj_12,fixed_epoch_loso_v2,FINAL_MODEL,13,47,0c02efe24c4f4611924839b5496b2d8a,0.961490694148516,0.8630222192283827,0.8886641832752938,0.906087488528602,0.824074074074074,0.7685185185185185,0.7685185185185185,0.7407407407407407,0.7407407407407407,0.7685185185185185,0.9076379283848164,0.8876100863247649
sbj_13,fixed_epoch_loso_v2,FINAL_MODEL,14,47,a02f4a785fdc4f88bb2d3db6fa528a24,0.8483228147934438,0.9766471687728306,0.8991903033902808,0.8975358310284134,0.8518518518518517,0.8518518518518517,0.8379629629629629,0.7885802469135802,0.7746913580246912,0.8209876543209876,0.9070354780517138,0.8987544603535346
sbj_14,fixed_epoch_loso_v2,FINAL_MODEL,15,47,e89773ac01f3458dad88e617d66b61db,0.8734496804636488,0.9626791650701946,0.9039589911991083,0.87078125,0.9537037037037037,0.9537037037037037,0.9537037037037037,0.9537037037037037,0.9020061728395061,0.9433641975308642,0.85133370639806,0.9068826181324999
sbj_15,fixed_epoch_loso_v2,FINAL_MODEL,16,47,f883fd04bc7b42ffa62a0259cc61b5e7,0.7429543493580046,0.7914439165469923,0.753196415799945,0.8280169100691775,0.75,0.75,0.75,0.6666666666666666,0.6666666666666666,0.7166666666666666,0.8826501965188096,0.7460045390933413
sbj_16,fixed_epoch_loso_v2,FINAL_MODEL,17,47,f0f778ecbaf940dd9fcef3947d3e07a5,0.9193919727351573,0.9298436893442051,0.9176830790537028,0.9363066400683956,0.9537037037037036,0.9537037037037036,0.9537037037037036,0.898148148148148,0.898148148148148,0.9314814814814814,0.9557349665924276,0.9155690853015516
sbj_17,fixed_epoch_loso_v2,FINAL_MODEL,18,47,870a02239825466f813d2dc4d1e7d1d1,0.9226804841378184,0.9051685348114821,0.9016475526668993,0.9135922330097087,0.9259259259259258,0.8703703703703703,0.787037037037037,0.7685185185185185,0.7499999999999999,0.8203703703703702,0.9215105516475379,0.9005440527235307
sbj_0,fixed_epoch_loso_v2,FINAL_MODEL,1,53,6809e5b8e45f400687f09a0d127ab541,0.732615094119539,0.5992816259743914,0.5968059975248604,0.6774655450152139,0.632716049382716,0.5910493827160493,0.47067901234567905,0.47067901234567905,0.41512345679012347,0.5160493827160494,0.6654411764705882,0.5929929320278755
sbj_1,fixed_epoch_loso_v2,FINAL_MODEL,2,53,f34fa8af838a4aafbf6754f04e2e33e8,0.9327482498186237,0.8975131637946727,0.900125406270685,0.9051134317608931,0.9305555555555556,0.8749999999999999,0.8472222222222221,0.8287037037037037,0.7361111111111112,0.8435185185185186,0.892191435768262,0.9005661824097086
sbj_2,fixed_epoch_loso_v2,FINAL_MODEL,3,53,78a97496735c4485bc3249bcf1e62e64,0.49766579164958064,0.537089389021324,0.48014842855224604,0.6435587987650856,0.5046296296296295,0.4722222222222222,0.4722222222222222,0.43981481481481477,0.40856481481481477,0.45949074074074076,0.7736462093862816,0.46384299628368847
sbj_3,fixed_epoch_loso_v2,FINAL_MODEL,4,53,ab023cbdfc9446e892e8674928715e2b,0.70119819379747,0.5319203882742732,0.5702220588470303,0.7684652278177458,0.5778218694885361,0.5454144620811288,0.5083774250440917,0.4559082892416225,0.32958553791887124,0.4834215167548502,0.8521241050119331,0.5545608340600912
sbj_4,fixed_epoch_loso_v2,FINAL_MODEL,5,53,b06d47a9c9bd458eaafea15b7ced8b15,0.8446939484515937,0.7751584420551633,0.7692875845414636,0.8061432377370318,0.8410493827160495,0.7669753086419753,0.7422839506172839,0.6867283950617283,0.6388888888888888,0.7351851851851852,0.8537100178600422,0.7645974493570982
sbj_5,fixed_epoch_loso_v2,FINAL_MODEL,6,53,1c8519c8b2c7499b8a5dfd95f7a87534,0.641794757646281,0.6262310666540345,0.6110591655712148,0.6955105838567108,0.5620370370370371,0.5435185185185185,0.5435185185185185,0.5435185185185185,0.48796296296296293,0.5361111111111111,0.7653508771929824,0.6024874038144499
sbj_6,fixed_epoch_loso_v2,FINAL_MODEL,7,53,b16c24894b0047a3a0b18dca393e7f23,0.8622427635068468,0.8631885570765695,0.8376765473181278,0.8741258741258742,0.7777777777777778,0.7777777777777778,0.7152777777777778,0.7013888888888888,0.7013888888888888,0.7347222222222223,0.8994434137291281,0.8342450547397389
sbj_7,fixed_epoch_loso_v2,FINAL_MODEL,8,53,c7ab9d1c9567494e98a16bb5406cfad6,0.8308293202280547,0.8101663257004731,0.8048890579570455,0.8288920056100981,0.8981481481481483,0.8796296296296297,0.8611111111111112,0.7222222222222222,0.6944444444444444,0.8111111111111112,0.8264006791171478,0.8036939678925953
sbj_8,fixed_epoch_loso_v2,FINAL_MODEL,9,53,7cddc98945854d92b0d1fac1b13dc4f3,0.8934164591674725,0.8998091010836677,0.8907629556415443,0.9081796311146753,0.8888888888888888,0.8888888888888888,0.8888888888888888,0.8888888888888888,0.8888888888888888,0.888888888888889,0.9114954221770092,0.8896111519451296
sbj_9,fixed_epoch_loso_v2,FINAL_MODEL,10,53,ce631c313ef146119f309f05da23d03b,0.3014400050630529,0.35033829827282337,0.2884084974746776,0.43787528868360276,0.375,0.3194444444444444,0.2638888888888889,0.20833333333333334,0.20833333333333334,0.27499999999999997,0.5761613251710479,0.2724222292693237
sbj_10,fixed_epoch_loso_v2,FINAL_MODEL,11,53,7f136c75eb33466dba3c17e51bc249b7,0.6109797479649428,0.6919165423709309,0.6072480141753509,0.6551204819277109,0.6574074074074073,0.6296296296296295,0.5185185185185185,0.5185185185185185,0.5185185185185185,0.5685185185185185,0.7189267394449559,0.6010436405492617
sbj_11,fixed_epoch_loso_v2,FINAL_MODEL,12,53,1f3da0bd36e34ec3b9f1ea5764427111,0.9778714759596765,0.95230292055684,0.963716898933011,0.9531742458352094,1.0,1.0,1.0,0.9444444444444444,0.9444444444444444,0.9777777777777779,0.9083371718102257,0.9667935504398325
sbj_12,fixed_epoch_loso_v2,FINAL_MODEL,13,53,82a2cd98bbe949709a2535e78d2e324b,0.9389268653588301,0.9377212567364499,0.9330242575056322,0.9305598042214744,0.861111111111111,0.861111111111111,0.8148148148148147,0.8148148148148147,0.7962962962962963,0.8296296296296294,0.9255737704918032,0.933438173450845
sbj_13,fixed_epoch_loso_v2,FINAL_MODEL,14,53,bd6bd6e404bc4cf3be1883f7656d294b,0.9000017874290079,0.9677848064601834,0.9250174793193084,0.928086497359819,0.8564814814814814,0.8564814814814814,0.8564814814814814,0.8564814814814814,0.8179012345679012,0.8487654320987653,0.9382516188714154,0.9242822493441913
sbj_14,fixed_epoch_loso_v2,FINAL_MODEL,15,53,6071acd2fda04e688e1b7689913dc1aa,0.8921248349955588,0.8998183954752427,0.8783273647683169,0.89125,0.9388888888888888,0.9388888888888888,0.9018518518518519,0.9018518518518519,0.8694444444444444,0.9101851851851851,0.9096818337324667,0.8765854498258641
sbj_15,fixed_epoch_loso_v2,FINAL_MODEL,16,53,308d35307dc94ac7ba6f56c47679530a,0.8793720944241371,0.9159886748562333,0.8948159781348612,0.9104534973097618,0.8703703703703703,0.8703703703703703,0.8703703703703703,0.8425925925925926,0.8425925925925926,0.8592592592592592,0.8921865536038764,0.8949620572754715
sbj_16,fixed_epoch_loso_v2,FINAL_MODEL,17,53,d8e80472648c476a8fed68a0f817fb24,0.9365895377445208,0.8872693360501611,0.8857640928721613,0.932601880877743,0.898148148148148,0.898148148148148,0.898148148148148,0.8425925925925926,0.8425925925925926,0.875925925925926,0.9695817490494296,0.8811075564178688
sbj_17,fixed_epoch_loso_v2,FINAL_MODEL,18,53,c1d1400df77045d893bc3c62db149bdd,0.9236130647865824,0.9462115581002972,0.923922903586732,0.93042071197411,0.9259259259259258,0.9259259259259258,0.8981481481481483,0.8395061728395062,0.8395061728395062,0.8858024691358025,0.9367185997307175,0.9232120315787328
