stage,seed,fold,subject,macro_f1_19
ROUND0,41,1,sbj_0,0.5625350688636925
ROUND0,41,2,sbj_1,0.7442588597142584
ROUND0,41,3,sbj_2,0.5483226579398258
ROUND0,41,4,sbj_3,0.5555030379370437
ROUND0,41,5,sbj_4,0.7094365276524234
ROUND0,41,6,sbj_5,0.6152968521188356
ROUND0,41,7,sbj_6,0.8809126466350351
ROUND0,41,8,sbj_7,0.7324664973739035
ROUND0,41,9,sbj_8,0.753624115107449
ROUND0,41,10,sbj_9,0.2571541106895327
ROUND0,41,11,sbj_10,0.5261936091283084
ROUND0,41,12,sbj_11,0.9172840128834343
ROUND0,41,13,sbj_12,0.9367533046935157
ROUND0,41,14,sbj_13,0.8828667443762512
ROUND0,41,15,sbj_14,0.9217139499188697
ROUND0,41,16,sbj_15,0.8652011738775439
ROUND0,41,17,sbj_16,0.9439030528803934
ROUND0,41,18,sbj_17,0.9451237002706582
ROUND0,47,1,sbj_0,0.5989125370037435
ROUND0,47,2,sbj_1,0.8304180807039953
ROUND0,47,3,sbj_2,0.5200417908078956
ROUND0,47,4,sbj_3,0.5934069967284139
ROUND0,47,5,sbj_4,0.7030969823640929
ROUND0,47,6,sbj_5,0.5531131737514435
ROUND0,47,7,sbj_6,0.8586636213313049
ROUND0,47,8,sbj_7,0.7318885247260426
ROUND0,47,9,sbj_8,0.9275248139133909
ROUND0,47,10,sbj_9,0.23164962449159401
ROUND0,47,11,sbj_10,0.398618414844659
ROUND0,47,12,sbj_11,0.904175829770976
ROUND0,47,13,sbj_12,0.8909552328894698
ROUND0,47,14,sbj_13,0.8976671771929858
ROUND0,47,15,sbj_14,0.9165514459686309
ROUND0,47,16,sbj_15,0.7512648224771581
ROUND0,47,17,sbj_16,0.8680230135323385
ROUND0,47,18,sbj_17,0.9125228289967504
ROUND0,53,1,sbj_0,0.6013143448175853
ROUND0,53,2,sbj_1,0.8965369976115882
ROUND0,53,3,sbj_2,0.4778495951848558
ROUND0,53,4,sbj_3,0.6007717728197839
ROUND0,53,5,sbj_4,0.7119685671199708
ROUND0,53,6,sbj_5,0.5887159745229148
ROUND0,53,7,sbj_6,0.8405943433633556
ROUND0,53,8,sbj_7,0.7590167221045315
ROUND0,53,9,sbj_8,0.8854334597693164
ROUND0,53,10,sbj_9,0.21924334926147598
ROUND0,53,11,sbj_10,0.557089020438989
ROUND0,53,12,sbj_11,0.9441416228209888
ROUND0,53,13,sbj_12,0.9322380402331362
ROUND0,53,14,sbj_13,0.9114009030151693
ROUND0,53,15,sbj_14,0.89169780355254
ROUND0,53,16,sbj_15,0.9031666287881118
ROUND0,53,17,sbj_16,0.9372958520858843
ROUND0,53,18,sbj_17,0.8873214758114103
SEGMENT_ONLY,41,1,sbj_0,0.5729383541992492
SEGMENT_ONLY,41,2,sbj_1,0.7321168504778811
SEGMENT_ONLY,41,3,sbj_2,0.5521379923921604
SEGMENT_ONLY,41,4,sbj_3,0.5413317816804257
SEGMENT_ONLY,41,5,sbj_4,0.7378938989900943
SEGMENT_ONLY,41,6,sbj_5,0.6682983888781886
SEGMENT_ONLY,41,7,sbj_6,0.8773340689331143
SEGMENT_ONLY,41,8,sbj_7,0.7341227894831092
SEGMENT_ONLY,41,9,sbj_8,0.7543834900634036
SEGMENT_ONLY,41,10,sbj_9,0.2593247631917559
SEGMENT_ONLY,41,11,sbj_10,0.5263089742117144
SEGMENT_ONLY,41,12,sbj_11,0.9323878785242916
SEGMENT_ONLY,41,13,sbj_12,0.9309993807024174
SEGMENT_ONLY,41,14,sbj_13,0.8847691903248668
SEGMENT_ONLY,41,15,sbj_14,0.9120540234884478
SEGMENT_ONLY,41,16,sbj_15,0.8381999463865425
SEGMENT_ONLY,41,17,sbj_16,0.9461245474498287
SEGMENT_ONLY,41,18,sbj_17,0.9447833488081823
SEGMENT_ONLY,47,1,sbj_0,0.6069600635305734
SEGMENT_ONLY,47,2,sbj_1,0.8849820498598493
SEGMENT_ONLY,47,3,sbj_2,0.5159437786343779
SEGMENT_ONLY,47,4,sbj_3,0.6020001525972432
SEGMENT_ONLY,47,5,sbj_4,0.7055802892674304
SEGMENT_ONLY,47,6,sbj_5,0.5889392743264356
SEGMENT_ONLY,47,7,sbj_6,0.8456342062165201
SEGMENT_ONLY,47,8,sbj_7,0.7352298114281947
SEGMENT_ONLY,47,9,sbj_8,0.9246529068874848
SEGMENT_ONLY,47,10,sbj_9,0.25890295181113104
SEGMENT_ONLY,47,11,sbj_10,0.4184657386833641
SEGMENT_ONLY,47,12,sbj_11,0.9013552856739973
SEGMENT_ONLY,47,13,sbj_12,0.8845308201536459
SEGMENT_ONLY,47,14,sbj_13,0.8946246266490862
SEGMENT_ONLY,47,15,sbj_14,0.9045643364733605
SEGMENT_ONLY,47,16,sbj_15,0.7517921277421238
SEGMENT_ONLY,47,17,sbj_16,0.9290592778158844
SEGMENT_ONLY,47,18,sbj_17,0.8984197071757691
SEGMENT_ONLY,53,1,sbj_0,0.5942504393499582
SEGMENT_ONLY,53,2,sbj_1,0.8952887495350954
SEGMENT_ONLY,53,3,sbj_2,0.4740579974198679
SEGMENT_ONLY,53,4,sbj_3,0.5655420220139316
SEGMENT_ONLY,53,5,sbj_4,0.7704307324913371
SEGMENT_ONLY,53,6,sbj_5,0.5973001500679147
SEGMENT_ONLY,53,7,sbj_6,0.8342200452104932
SEGMENT_ONLY,53,8,sbj_7,0.803102447733763
SEGMENT_ONLY,53,9,sbj_8,0.8894727429885843
SEGMENT_ONLY,53,10,sbj_9,0.2869779851924339
SEGMENT_ONLY,53,11,sbj_10,0.6085592646249666
SEGMENT_ONLY,53,12,sbj_11,0.9603711884586011
SEGMENT_ONLY,53,13,sbj_12,0.9308892901327004
SEGMENT_ONLY,53,14,sbj_13,0.9213109357987544
SEGMENT_ONLY,53,15,sbj_14,0.8776671556838419
SEGMENT_ONLY,53,16,sbj_15,0.890266455560023
SEGMENT_ONLY,53,17,sbj_16,0.8835755428772892
SEGMENT_ONLY,53,18,sbj_17,0.9214482749572308
DWA_ONLY,41,1,sbj_0,0.5727479943769016
DWA_ONLY,41,2,sbj_1,0.7513582411271609
DWA_ONLY,41,3,sbj_2,0.5530116803255022
DWA_ONLY,41,4,sbj_3,0.5452213639921165
DWA_ONLY,41,5,sbj_4,0.7398627556130888
DWA_ONLY,41,6,sbj_5,0.6684568534777144
DWA_ONLY,41,7,sbj_6,0.8768745910118816
DWA_ONLY,41,8,sbj_7,0.736553281390613
DWA_ONLY,41,9,sbj_8,0.7549612183285489
DWA_ONLY,41,10,sbj_9,0.2649937322187693
DWA_ONLY,41,11,sbj_10,0.5256190466621686
DWA_ONLY,41,12,sbj_11,0.9322072685293084
DWA_ONLY,41,13,sbj_12,0.9308687645276622
DWA_ONLY,41,14,sbj_13,0.8850196803438893
DWA_ONLY,41,15,sbj_14,0.9121484457628963
DWA_ONLY,41,16,sbj_15,0.8387987155089865
DWA_ONLY,41,17,sbj_16,0.9462333201979881
DWA_ONLY,41,18,sbj_17,0.9446823515582681
DWA_ONLY,47,1,sbj_0,0.6112491078568985
DWA_ONLY,47,2,sbj_1,0.8925606541161624
DWA_ONLY,47,3,sbj_2,0.5165792482616286
DWA_ONLY,47,4,sbj_3,0.6034456608744763
DWA_ONLY,47,5,sbj_4,0.7059698680146143
DWA_ONLY,47,6,sbj_5,0.586452819848934
DWA_ONLY,47,7,sbj_6,0.840042845822638
DWA_ONLY,47,8,sbj_7,0.7423807108949129
DWA_ONLY,47,9,sbj_8,0.925587597186675
DWA_ONLY,47,10,sbj_9,0.2593554329173213
DWA_ONLY,47,11,sbj_10,0.4191514326282723
DWA_ONLY,47,12,sbj_11,0.9012370009806056
DWA_ONLY,47,13,sbj_12,0.8901888936952664
DWA_ONLY,47,14,sbj_13,0.8934716460808269
DWA_ONLY,47,15,sbj_14,0.9040719925692136
DWA_ONLY,47,16,sbj_15,0.7502525154197525
DWA_ONLY,47,17,sbj_16,0.9136331241466632
DWA_ONLY,47,18,sbj_17,0.898693100229048
DWA_ONLY,53,1,sbj_0,0.5954947316041916
DWA_ONLY,53,2,sbj_1,0.8948979797980041
DWA_ONLY,53,3,sbj_2,0.47535017148968456
DWA_ONLY,53,4,sbj_3,0.5588893951796015
DWA_ONLY,53,5,sbj_4,0.7701312767966474
DWA_ONLY,53,6,sbj_5,0.605978367953952
DWA_ONLY,53,7,sbj_6,0.8343660977235714
DWA_ONLY,53,8,sbj_7,0.8045588309322942
DWA_ONLY,53,9,sbj_8,0.8881259540513832
DWA_ONLY,53,10,sbj_9,0.28611737767565887
DWA_ONLY,53,11,sbj_10,0.6069538389180419
DWA_ONLY,53,12,sbj_11,0.9615940193378122
DWA_ONLY,53,13,sbj_12,0.9310416694256275
DWA_ONLY,53,14,sbj_13,0.9217414179580461
DWA_ONLY,53,15,sbj_14,0.8769127549284501
DWA_ONLY,53,16,sbj_15,0.8897383810097489
DWA_ONLY,53,17,sbj_16,0.8857097485251326
DWA_ONLY,53,18,sbj_17,0.9213999521269824
FINAL_MODEL,41,1,sbj_0,0.5795579232223187
FINAL_MODEL,41,2,sbj_1,0.7522739080897247
FINAL_MODEL,41,3,sbj_2,0.5576923434036899
FINAL_MODEL,41,4,sbj_3,0.5514399837084435
FINAL_MODEL,41,5,sbj_4,0.7399648752340515
FINAL_MODEL,41,6,sbj_5,0.6781657885856601
FINAL_MODEL,41,7,sbj_6,0.8805770893128532
FINAL_MODEL,41,8,sbj_7,0.7376688112811349
FINAL_MODEL,41,9,sbj_8,0.7552758537264979
FINAL_MODEL,41,10,sbj_9,0.2659942922303208
FINAL_MODEL,41,11,sbj_10,0.5220502436812146
FINAL_MODEL,41,12,sbj_11,0.9342378952653274
FINAL_MODEL,41,13,sbj_12,0.9317857684906388
FINAL_MODEL,41,14,sbj_13,0.8878470050832197
FINAL_MODEL,41,15,sbj_14,0.915066357217905
FINAL_MODEL,41,16,sbj_15,0.8405438813507322
FINAL_MODEL,41,17,sbj_16,0.9496284886289059
FINAL_MODEL,41,18,sbj_17,0.9476559103941996
FINAL_MODEL,47,1,sbj_0,0.6206940911276458
FINAL_MODEL,47,2,sbj_1,0.8984129778100202
FINAL_MODEL,47,3,sbj_2,0.5197908681293469
FINAL_MODEL,47,4,sbj_3,0.604645706997449
FINAL_MODEL,47,5,sbj_4,0.7058074791283845
FINAL_MODEL,47,6,sbj_5,0.5945564589920714
FINAL_MODEL,47,7,sbj_6,0.8430472331477867
FINAL_MODEL,47,8,sbj_7,0.7410265795827096
FINAL_MODEL,47,9,sbj_8,0.9285936702464811
FINAL_MODEL,47,10,sbj_9,0.2662467149799977
FINAL_MODEL,47,11,sbj_10,0.42155305009931743
FINAL_MODEL,47,12,sbj_11,0.90323150704205
FINAL_MODEL,47,13,sbj_12,0.8886641832752938
FINAL_MODEL,47,14,sbj_13,0.8991903033902808
FINAL_MODEL,47,15,sbj_14,0.9039589911991083
FINAL_MODEL,47,16,sbj_15,0.753196415799945
FINAL_MODEL,47,17,sbj_16,0.9176830790537028
FINAL_MODEL,47,18,sbj_17,0.9016475526668993
FINAL_MODEL,53,1,sbj_0,0.5968059975248604
FINAL_MODEL,53,2,sbj_1,0.900125406270685
FINAL_MODEL,53,3,sbj_2,0.48014842855224604
FINAL_MODEL,53,4,sbj_3,0.5702220588470303
FINAL_MODEL,53,5,sbj_4,0.7692875845414636
FINAL_MODEL,53,6,sbj_5,0.6110591655712148
FINAL_MODEL,53,7,sbj_6,0.8376765473181278
FINAL_MODEL,53,8,sbj_7,0.8048890579570455
FINAL_MODEL,53,9,sbj_8,0.8907629556415443
FINAL_MODEL,53,10,sbj_9,0.2884084974746776
FINAL_MODEL,53,11,sbj_10,0.6072480141753509
FINAL_MODEL,53,12,sbj_11,0.963716898933011
FINAL_MODEL,53,13,sbj_12,0.9330242575056322
FINAL_MODEL,53,14,sbj_13,0.9250174793193084
FINAL_MODEL,53,15,sbj_14,0.8783273647683169
FINAL_MODEL,53,16,sbj_15,0.8948159781348612
FINAL_MODEL,53,17,sbj_16,0.8857640928721613
FINAL_MODEL,53,18,sbj_17,0.923922903586732
