seed,fold,subject,method,jitter_seconds,signed_steps,context_l2
41,1,sbj_0,Hard segment,0.5,-1,0.6376891732215881
41,1,sbj_0,Hard segment,0.5,1,0.5225014686584473
41,1,sbj_0,Hard segment,1.0,-2,1.1105191707611084
41,1,sbj_0,Hard segment,1.0,2,0.9728658199310303
41,1,sbj_0,Boundary uncertainty,0.5,-1,0.5369640588760376
41,1,sbj_0,Boundary uncertainty,0.5,1,0.4940427541732788
41,1,sbj_0,Boundary uncertainty,1.0,-2,0.9298731088638306
41,1,sbj_0,Boundary uncertainty,1.0,2,0.8836315870285034
41,2,sbj_1,Hard segment,0.5,-1,0.41173529624938965
41,2,sbj_1,Hard segment,0.5,1,0.46484437584877014
41,2,sbj_1,Hard segment,1.0,-2,0.7625254392623901
41,2,sbj_1,Hard segment,1.0,2,0.8281364440917969
41,2,sbj_1,Boundary uncertainty,0.5,-1,0.3578720688819885
41,2,sbj_1,Boundary uncertainty,0.5,1,0.3776853382587433
41,2,sbj_1,Boundary uncertainty,1.0,-2,0.6409592032432556
41,2,sbj_1,Boundary uncertainty,1.0,2,0.6775107979774475
41,3,sbj_2,Hard segment,0.5,-1,0.48958808183670044
41,3,sbj_2,Hard segment,0.5,1,0.4600495994091034
41,3,sbj_2,Hard segment,1.0,-2,0.8714713454246521
41,3,sbj_2,Hard segment,1.0,2,0.8762772083282471
41,3,sbj_2,Boundary uncertainty,0.5,-1,0.4510832726955414
41,3,sbj_2,Boundary uncertainty,0.5,1,0.42101165652275085
41,3,sbj_2,Boundary uncertainty,1.0,-2,0.8084173798561096
41,3,sbj_2,Boundary uncertainty,1.0,2,0.8217836618423462
41,4,sbj_3,Hard segment,0.5,-1,0.4174196422100067
41,4,sbj_3,Hard segment,0.5,1,0.5284326672554016
41,4,sbj_3,Hard segment,1.0,-2,0.8620126247406006
41,4,sbj_3,Hard segment,1.0,2,0.8915526270866394
41,4,sbj_3,Boundary uncertainty,0.5,-1,0.3976577818393707
41,4,sbj_3,Boundary uncertainty,0.5,1,0.44987109303474426
41,4,sbj_3,Boundary uncertainty,1.0,-2,0.7741269469261169
41,4,sbj_3,Boundary uncertainty,1.0,2,0.7649255990982056
41,5,sbj_4,Hard segment,0.5,-1,0.5596388578414917
41,5,sbj_4,Hard segment,0.5,1,0.5229843854904175
41,5,sbj_4,Hard segment,1.0,-2,0.9490448832511902
41,5,sbj_4,Hard segment,1.0,2,0.971809446811676
41,5,sbj_4,Boundary uncertainty,0.5,-1,0.4980308711528778
41,5,sbj_4,Boundary uncertainty,0.5,1,0.46147972345352173
41,5,sbj_4,Boundary uncertainty,1.0,-2,0.8665949106216431
41,5,sbj_4,Boundary uncertainty,1.0,2,0.8563070893287659
41,6,sbj_5,Hard segment,0.5,-1,0.7733420133590698
41,6,sbj_5,Hard segment,0.5,1,0.7337669730186462
41,6,sbj_5,Hard segment,1.0,-2,1.2324110269546509
41,6,sbj_5,Hard segment,1.0,2,1.1204792261123657
41,6,sbj_5,Boundary uncertainty,0.5,-1,0.5789205431938171
41,6,sbj_5,Boundary uncertainty,0.5,1,0.5613805651664734
41,6,sbj_5,Boundary uncertainty,1.0,-2,0.9967547655105591
41,6,sbj_5,Boundary uncertainty,1.0,2,0.9759567975997925
41,7,sbj_6,Hard segment,0.5,-1,0.42990243434906006
41,7,sbj_6,Hard segment,0.5,1,0.4110124111175537
41,7,sbj_6,Hard segment,1.0,-2,0.6957935690879822
41,7,sbj_6,Hard segment,1.0,2,0.7522816061973572
41,7,sbj_6,Boundary uncertainty,0.5,-1,0.3697083294391632
41,7,sbj_6,Boundary uncertainty,0.5,1,0.36984750628471375
41,7,sbj_6,Boundary uncertainty,1.0,-2,0.6179570555686951
41,7,sbj_6,Boundary uncertainty,1.0,2,0.6745536923408508
41,8,sbj_7,Hard segment,0.5,-1,0.5563411116600037
41,8,sbj_7,Hard segment,0.5,1,0.4285237193107605
41,8,sbj_7,Hard segment,1.0,-2,0.9084723591804504
41,8,sbj_7,Hard segment,1.0,2,0.7801682949066162
41,8,sbj_7,Boundary uncertainty,0.5,-1,0.4339350163936615
41,8,sbj_7,Boundary uncertainty,0.5,1,0.41211995482444763
41,8,sbj_7,Boundary uncertainty,1.0,-2,0.7214910387992859
41,8,sbj_7,Boundary uncertainty,1.0,2,0.7177994847297668
41,9,sbj_8,Hard segment,0.5,-1,0.38982051610946655
41,9,sbj_8,Hard segment,0.5,1,0.4274444282054901
41,9,sbj_8,Hard segment,1.0,-2,0.7036209106445312
41,9,sbj_8,Hard segment,1.0,2,0.8213415145874023
41,9,sbj_8,Boundary uncertainty,0.5,-1,0.39577871561050415
41,9,sbj_8,Boundary uncertainty,0.5,1,0.36828985810279846
41,9,sbj_8,Boundary uncertainty,1.0,-2,0.7062294483184814
41,9,sbj_8,Boundary uncertainty,1.0,2,0.7129231095314026
41,10,sbj_9,Hard segment,0.5,-1,0.4156975746154785
41,10,sbj_9,Hard segment,0.5,1,0.4687724709510803
41,10,sbj_9,Hard segment,1.0,-2,0.7868824601173401
41,10,sbj_9,Hard segment,1.0,2,0.9156956672668457
41,10,sbj_9,Boundary uncertainty,0.5,-1,0.45241478085517883
41,10,sbj_9,Boundary uncertainty,0.5,1,0.4894096553325653
41,10,sbj_9,Boundary uncertainty,1.0,-2,0.7662922143936157
41,10,sbj_9,Boundary uncertainty,1.0,2,0.8132684826850891
41,11,sbj_10,Hard segment,0.5,-1,0.5199793577194214
41,11,sbj_10,Hard segment,0.5,1,0.43579965829849243
41,11,sbj_10,Hard segment,1.0,-2,0.8726789951324463
41,11,sbj_10,Hard segment,1.0,2,0.8142780065536499
41,11,sbj_10,Boundary uncertainty,0.5,-1,0.4488002359867096
41,11,sbj_10,Boundary uncertainty,0.5,1,0.39417824149131775
41,11,sbj_10,Boundary uncertainty,1.0,-2,0.776602566242218
41,11,sbj_10,Boundary uncertainty,1.0,2,0.7489442825317383
41,12,sbj_11,Hard segment,0.5,-1,0.39699217677116394
41,12,sbj_11,Hard segment,0.5,1,0.4998244643211365
41,12,sbj_11,Hard segment,1.0,-2,0.7318403720855713
41,12,sbj_11,Hard segment,1.0,2,0.8510150909423828
41,12,sbj_11,Boundary uncertainty,0.5,-1,0.3588181734085083
41,12,sbj_11,Boundary uncertainty,0.5,1,0.4318091869354248
41,12,sbj_11,Boundary uncertainty,1.0,-2,0.6907142996788025
41,12,sbj_11,Boundary uncertainty,1.0,2,0.741197407245636
41,13,sbj_12,Hard segment,0.5,-1,0.46263039112091064
41,13,sbj_12,Hard segment,0.5,1,0.35491347312927246
41,13,sbj_12,Hard segment,1.0,-2,0.7089229226112366
41,13,sbj_12,Hard segment,1.0,2,0.660612165927887
41,13,sbj_12,Boundary uncertainty,0.5,-1,0.3703470528125763
41,13,sbj_12,Boundary uncertainty,0.5,1,0.30800676345825195
41,13,sbj_12,Boundary uncertainty,1.0,-2,0.6273579597473145
41,13,sbj_12,Boundary uncertainty,1.0,2,0.6174336075782776
41,14,sbj_13,Hard segment,0.5,-1,0.3109995424747467
41,14,sbj_13,Hard segment,0.5,1,0.27398619055747986
41,14,sbj_13,Hard segment,1.0,-2,0.5673392415046692
41,14,sbj_13,Hard segment,1.0,2,0.5327475666999817
41,14,sbj_13,Boundary uncertainty,0.5,-1,0.275579035282135
41,14,sbj_13,Boundary uncertainty,0.5,1,0.26990294456481934
41,14,sbj_13,Boundary uncertainty,1.0,-2,0.5150606632232666
41,14,sbj_13,Boundary uncertainty,1.0,2,0.49884122610092163
41,15,sbj_14,Hard segment,0.5,-1,0.4951533377170563
41,15,sbj_14,Hard segment,0.5,1,0.39255982637405396
41,15,sbj_14,Hard segment,1.0,-2,0.8788313269615173
41,15,sbj_14,Hard segment,1.0,2,0.7546550035476685
41,15,sbj_14,Boundary uncertainty,0.5,-1,0.41772961616516113
41,15,sbj_14,Boundary uncertainty,0.5,1,0.3822786808013916
41,15,sbj_14,Boundary uncertainty,1.0,-2,0.7499343752861023
41,15,sbj_14,Boundary uncertainty,1.0,2,0.7075859308242798
41,16,sbj_15,Hard segment,0.5,-1,0.33892330527305603
41,16,sbj_15,Hard segment,0.5,1,0.40095922350883484
41,16,sbj_15,Hard segment,1.0,-2,0.6992170214653015
41,16,sbj_15,Hard segment,1.0,2,0.6789770126342773
41,16,sbj_15,Boundary uncertainty,0.5,-1,0.32671621441841125
41,16,sbj_15,Boundary uncertainty,0.5,1,0.3364793658256531
41,16,sbj_15,Boundary uncertainty,1.0,-2,0.628667950630188
41,16,sbj_15,Boundary uncertainty,1.0,2,0.5882762670516968
41,17,sbj_16,Hard segment,0.5,-1,0.35609087347984314
41,17,sbj_16,Hard segment,0.5,1,0.3352241516113281
41,17,sbj_16,Hard segment,1.0,-2,0.6537294983863831
41,17,sbj_16,Hard segment,1.0,2,0.6212711930274963
41,17,sbj_16,Boundary uncertainty,0.5,-1,0.3502259850502014
41,17,sbj_16,Boundary uncertainty,0.5,1,0.31287503242492676
41,17,sbj_16,Boundary uncertainty,1.0,-2,0.6468878984451294
41,17,sbj_16,Boundary uncertainty,1.0,2,0.5712712407112122
41,18,sbj_17,Hard segment,0.5,-1,0.5082263350486755
41,18,sbj_17,Hard segment,0.5,1,0.4760993421077728
41,18,sbj_17,Hard segment,1.0,-2,0.9775668978691101
41,18,sbj_17,Hard segment,1.0,2,0.8101280927658081
41,18,sbj_17,Boundary uncertainty,0.5,-1,0.426929235458374
41,18,sbj_17,Boundary uncertainty,0.5,1,0.4351228177547455
41,18,sbj_17,Boundary uncertainty,1.0,-2,0.8039983510971069
41,18,sbj_17,Boundary uncertainty,1.0,2,0.7791614532470703
47,1,sbj_0,Hard segment,0.5,-1,0.5022068023681641
47,1,sbj_0,Hard segment,0.5,1,0.6446259617805481
47,1,sbj_0,Hard segment,1.0,-2,0.9724785089492798
47,1,sbj_0,Hard segment,1.0,2,1.0406548976898193
47,1,sbj_0,Boundary uncertainty,0.5,-1,0.4763226807117462
47,1,sbj_0,Boundary uncertainty,0.5,1,0.5454939007759094
47,1,sbj_0,Boundary uncertainty,1.0,-2,0.86461341381073
47,1,sbj_0,Boundary uncertainty,1.0,2,0.8785551190376282
47,2,sbj_1,Hard segment,0.5,-1,0.6090385317802429
47,2,sbj_1,Hard segment,0.5,1,0.6569455862045288
47,2,sbj_1,Hard segment,1.0,-2,1.05964994430542
47,2,sbj_1,Hard segment,1.0,2,1.150386095046997
47,2,sbj_1,Boundary uncertainty,0.5,-1,0.552082896232605
47,2,sbj_1,Boundary uncertainty,0.5,1,0.5405049920082092
47,2,sbj_1,Boundary uncertainty,1.0,-2,0.9130885601043701
47,2,sbj_1,Boundary uncertainty,1.0,2,0.9381861686706543
47,3,sbj_2,Hard segment,0.5,-1,0.5536891222000122
47,3,sbj_2,Hard segment,0.5,1,0.522219717502594
47,3,sbj_2,Hard segment,1.0,-2,0.971162736415863
47,3,sbj_2,Hard segment,1.0,2,0.959507167339325
47,3,sbj_2,Boundary uncertainty,0.5,-1,0.49632737040519714
47,3,sbj_2,Boundary uncertainty,0.5,1,0.4721333384513855
47,3,sbj_2,Boundary uncertainty,1.0,-2,0.9031473398208618
47,3,sbj_2,Boundary uncertainty,1.0,2,0.8887186050415039
47,4,sbj_3,Hard segment,0.5,-1,0.4918156564235687
47,4,sbj_3,Hard segment,0.5,1,0.5393365025520325
47,4,sbj_3,Hard segment,1.0,-2,0.8260266780853271
47,4,sbj_3,Hard segment,1.0,2,0.8941653370857239
47,4,sbj_3,Boundary uncertainty,0.5,-1,0.4289812445640564
47,4,sbj_3,Boundary uncertainty,0.5,1,0.44667112827301025
47,4,sbj_3,Boundary uncertainty,1.0,-2,0.7594112753868103
47,4,sbj_3,Boundary uncertainty,1.0,2,0.778420090675354
47,5,sbj_4,Hard segment,0.5,-1,0.48541948199272156
47,5,sbj_4,Hard segment,0.5,1,0.5742114782333374
47,5,sbj_4,Hard segment,1.0,-2,0.8905289173126221
47,5,sbj_4,Hard segment,1.0,2,1.0361590385437012
47,5,sbj_4,Boundary uncertainty,0.5,-1,0.45000454783439636
47,5,sbj_4,Boundary uncertainty,0.5,1,0.4538854956626892
47,5,sbj_4,Boundary uncertainty,1.0,-2,0.8234685659408569
47,5,sbj_4,Boundary uncertainty,1.0,2,0.828762412071228
47,6,sbj_5,Hard segment,0.5,-1,0.517833411693573
47,6,sbj_5,Hard segment,0.5,1,0.5045909881591797
47,6,sbj_5,Hard segment,1.0,-2,1.0181398391723633
47,6,sbj_5,Hard segment,1.0,2,0.9774720668792725
47,6,sbj_5,Boundary uncertainty,0.5,-1,0.488058865070343
47,6,sbj_5,Boundary uncertainty,0.5,1,0.5033740401268005
47,6,sbj_5,Boundary uncertainty,1.0,-2,0.8402919769287109
47,6,sbj_5,Boundary uncertainty,1.0,2,0.8825611472129822
47,7,sbj_6,Hard segment,0.5,-1,0.3510882258415222
47,7,sbj_6,Hard segment,0.5,1,0.3728541433811188
47,7,sbj_6,Hard segment,1.0,-2,0.6773616075515747
47,7,sbj_6,Hard segment,1.0,2,0.6686991453170776
47,7,sbj_6,Boundary uncertainty,0.5,-1,0.32100334763526917
47,7,sbj_6,Boundary uncertainty,0.5,1,0.3239297866821289
47,7,sbj_6,Boundary uncertainty,1.0,-2,0.6187719702720642
47,7,sbj_6,Boundary uncertainty,1.0,2,0.5881760120391846
47,8,sbj_7,Hard segment,0.5,-1,0.6229464411735535
47,8,sbj_7,Hard segment,0.5,1,0.6034457087516785
47,8,sbj_7,Hard segment,1.0,-2,0.9693790078163147
47,8,sbj_7,Hard segment,1.0,2,0.8808615207672119
47,8,sbj_7,Boundary uncertainty,0.5,-1,0.4339572787284851
47,8,sbj_7,Boundary uncertainty,0.5,1,0.4389628767967224
47,8,sbj_7,Boundary uncertainty,1.0,-2,0.7631505727767944
47,8,sbj_7,Boundary uncertainty,1.0,2,0.7254897952079773
47,9,sbj_8,Hard segment,0.5,-1,0.41484254598617554
47,9,sbj_8,Hard segment,0.5,1,0.46019572019577026
47,9,sbj_8,Hard segment,1.0,-2,0.7381366491317749
47,9,sbj_8,Hard segment,1.0,2,0.8184394240379333
47,9,sbj_8,Boundary uncertainty,0.5,-1,0.37111881375312805
47,9,sbj_8,Boundary uncertainty,0.5,1,0.38881734013557434
47,9,sbj_8,Boundary uncertainty,1.0,-2,0.6572543382644653
47,9,sbj_8,Boundary uncertainty,1.0,2,0.7156460881233215
47,10,sbj_9,Hard segment,0.5,-1,0.525149405002594
47,10,sbj_9,Hard segment,0.5,1,0.4940410554409027
47,10,sbj_9,Hard segment,1.0,-2,0.8678828477859497
47,10,sbj_9,Hard segment,1.0,2,0.9004976749420166
47,10,sbj_9,Boundary uncertainty,0.5,-1,0.4089391529560089
47,10,sbj_9,Boundary uncertainty,0.5,1,0.40837937593460083
47,10,sbj_9,Boundary uncertainty,1.0,-2,0.7310028076171875
47,10,sbj_9,Boundary uncertainty,1.0,2,0.7343611121177673
47,11,sbj_10,Hard segment,0.5,-1,0.39132511615753174
47,11,sbj_10,Hard segment,0.5,1,0.4352385103702545
47,11,sbj_10,Hard segment,1.0,-2,0.7244241833686829
47,11,sbj_10,Hard segment,1.0,2,0.7315399050712585
47,11,sbj_10,Boundary uncertainty,0.5,-1,0.33846041560173035
47,11,sbj_10,Boundary uncertainty,0.5,1,0.35389721393585205
47,11,sbj_10,Boundary uncertainty,1.0,-2,0.6258982419967651
47,11,sbj_10,Boundary uncertainty,1.0,2,0.6232389211654663
47,12,sbj_11,Hard segment,0.5,-1,0.3321913480758667
47,12,sbj_11,Hard segment,0.5,1,0.47158703207969666
47,12,sbj_11,Hard segment,1.0,-2,0.593030571937561
47,12,sbj_11,Hard segment,1.0,2,0.7872864603996277
47,12,sbj_11,Boundary uncertainty,0.5,-1,0.35081595182418823
47,12,sbj_11,Boundary uncertainty,0.5,1,0.3406635820865631
47,12,sbj_11,Boundary uncertainty,1.0,-2,0.6374834179878235
47,12,sbj_11,Boundary uncertainty,1.0,2,0.6356275081634521
47,13,sbj_12,Hard segment,0.5,-1,0.36316728591918945
47,13,sbj_12,Hard segment,0.5,1,0.3209013342857361
47,13,sbj_12,Hard segment,1.0,-2,0.6875232458114624
47,13,sbj_12,Hard segment,1.0,2,0.6595337390899658
47,13,sbj_12,Boundary uncertainty,0.5,-1,0.3541781008243561
47,13,sbj_12,Boundary uncertainty,0.5,1,0.3170320689678192
47,13,sbj_12,Boundary uncertainty,1.0,-2,0.6173089742660522
47,13,sbj_12,Boundary uncertainty,1.0,2,0.6036942601203918
47,14,sbj_13,Hard segment,0.5,-1,0.30654507875442505
47,14,sbj_13,Hard segment,0.5,1,0.3729856014251709
47,14,sbj_13,Hard segment,1.0,-2,0.5785922408103943
47,14,sbj_13,Hard segment,1.0,2,0.6454516649246216
47,14,sbj_13,Boundary uncertainty,0.5,-1,0.2899097800254822
47,14,sbj_13,Boundary uncertainty,0.5,1,0.31207236647605896
47,14,sbj_13,Boundary uncertainty,1.0,-2,0.5406553745269775
47,14,sbj_13,Boundary uncertainty,1.0,2,0.5492519736289978
47,15,sbj_14,Hard segment,0.5,-1,0.43435996770858765
47,15,sbj_14,Hard segment,0.5,1,0.4340040683746338
47,15,sbj_14,Hard segment,1.0,-2,0.7748750448226929
47,15,sbj_14,Hard segment,1.0,2,0.8115951418876648
47,15,sbj_14,Boundary uncertainty,0.5,-1,0.40167808532714844
47,15,sbj_14,Boundary uncertainty,0.5,1,0.38715624809265137
47,15,sbj_14,Boundary uncertainty,1.0,-2,0.7130382061004639
47,15,sbj_14,Boundary uncertainty,1.0,2,0.7222498059272766
47,16,sbj_15,Hard segment,0.5,-1,0.3603339195251465
47,16,sbj_15,Hard segment,0.5,1,0.35715451836586
47,16,sbj_15,Hard segment,1.0,-2,0.6997020244598389
47,16,sbj_15,Hard segment,1.0,2,0.6764588952064514
47,16,sbj_15,Boundary uncertainty,0.5,-1,0.3298560678958893
47,16,sbj_15,Boundary uncertainty,0.5,1,0.36708566546440125
47,16,sbj_15,Boundary uncertainty,1.0,-2,0.6016638875007629
47,16,sbj_15,Boundary uncertainty,1.0,2,0.6449198722839355
47,17,sbj_16,Hard segment,0.5,-1,0.36636003851890564
47,17,sbj_16,Hard segment,0.5,1,0.3904911279678345
47,17,sbj_16,Hard segment,1.0,-2,0.6770371794700623
47,17,sbj_16,Hard segment,1.0,2,0.72804856300354
47,17,sbj_16,Boundary uncertainty,0.5,-1,0.3299364745616913
47,17,sbj_16,Boundary uncertainty,0.5,1,0.3482894003391266
47,17,sbj_16,Boundary uncertainty,1.0,-2,0.6128212213516235
47,17,sbj_16,Boundary uncertainty,1.0,2,0.6250950694084167
47,18,sbj_17,Hard segment,0.5,-1,0.5003339648246765
47,18,sbj_17,Hard segment,0.5,1,0.43848350644111633
47,18,sbj_17,Hard segment,1.0,-2,0.9015581011772156
47,18,sbj_17,Hard segment,1.0,2,0.785047709941864
47,18,sbj_17,Boundary uncertainty,0.5,-1,0.41968196630477905
47,18,sbj_17,Boundary uncertainty,0.5,1,0.42223045229911804
47,18,sbj_17,Boundary uncertainty,1.0,-2,0.7904773950576782
47,18,sbj_17,Boundary uncertainty,1.0,2,0.7787649035453796
53,1,sbj_0,Hard segment,0.5,-1,0.5777584910392761
53,1,sbj_0,Hard segment,0.5,1,0.6080697178840637
53,1,sbj_0,Hard segment,1.0,-2,0.9553629755973816
53,1,sbj_0,Hard segment,1.0,2,0.9934486150741577
53,1,sbj_0,Boundary uncertainty,0.5,-1,0.513737142086029
53,1,sbj_0,Boundary uncertainty,0.5,1,0.4887758195400238
53,1,sbj_0,Boundary uncertainty,1.0,-2,0.8874931931495667
53,1,sbj_0,Boundary uncertainty,1.0,2,0.881434977054596
53,2,sbj_1,Hard segment,0.5,-1,0.5941424369812012
53,2,sbj_1,Hard segment,0.5,1,0.5401971936225891
53,2,sbj_1,Hard segment,1.0,-2,1.0021129846572876
53,2,sbj_1,Hard segment,1.0,2,0.988060474395752
53,2,sbj_1,Boundary uncertainty,0.5,-1,0.4997638463973999
53,2,sbj_1,Boundary uncertainty,0.5,1,0.4921485483646393
53,2,sbj_1,Boundary uncertainty,1.0,-2,0.866960883140564
53,2,sbj_1,Boundary uncertainty,1.0,2,0.9452803134918213
53,3,sbj_2,Hard segment,0.5,-1,0.5923231244087219
53,3,sbj_2,Hard segment,0.5,1,0.6095840334892273
53,3,sbj_2,Hard segment,1.0,-2,1.0596163272857666
53,3,sbj_2,Hard segment,1.0,2,1.094948649406433
53,3,sbj_2,Boundary uncertainty,0.5,-1,0.5149968266487122
53,3,sbj_2,Boundary uncertainty,0.5,1,0.5920075178146362
53,3,sbj_2,Boundary uncertainty,1.0,-2,0.9252062439918518
53,3,sbj_2,Boundary uncertainty,1.0,2,1.0505908727645874
53,4,sbj_3,Hard segment,0.5,-1,0.5266937613487244
53,4,sbj_3,Hard segment,0.5,1,0.4943912625312805
53,4,sbj_3,Hard segment,1.0,-2,0.8636942505836487
53,4,sbj_3,Hard segment,1.0,2,0.8623343706130981
53,4,sbj_3,Boundary uncertainty,0.5,-1,0.43007203936576843
53,4,sbj_3,Boundary uncertainty,0.5,1,0.4109945297241211
53,4,sbj_3,Boundary uncertainty,1.0,-2,0.7426124215126038
53,4,sbj_3,Boundary uncertainty,1.0,2,0.7479118704795837
53,5,sbj_4,Hard segment,0.5,-1,0.5215842127799988
53,5,sbj_4,Hard segment,0.5,1,0.5608148574829102
53,5,sbj_4,Hard segment,1.0,-2,0.8667870163917542
53,5,sbj_4,Hard segment,1.0,2,0.8957053422927856
53,5,sbj_4,Boundary uncertainty,0.5,-1,0.42176553606987
53,5,sbj_4,Boundary uncertainty,0.5,1,0.46197059750556946
53,5,sbj_4,Boundary uncertainty,1.0,-2,0.7644397020339966
53,5,sbj_4,Boundary uncertainty,1.0,2,0.7847957611083984
53,6,sbj_5,Hard segment,0.5,-1,0.8457118272781372
53,6,sbj_5,Hard segment,0.5,1,1.0022704601287842
53,6,sbj_5,Hard segment,1.0,-2,1.369806170463562
53,6,sbj_5,Hard segment,1.0,2,1.7813435792922974
53,6,sbj_5,Boundary uncertainty,0.5,-1,0.7324554920196533
53,6,sbj_5,Boundary uncertainty,0.5,1,0.7241581082344055
53,6,sbj_5,Boundary uncertainty,1.0,-2,1.2248876094818115
53,6,sbj_5,Boundary uncertainty,1.0,2,1.309079885482788
53,7,sbj_6,Hard segment,0.5,-1,0.35702425241470337
53,7,sbj_6,Hard segment,0.5,1,0.3638446033000946
53,7,sbj_6,Hard segment,1.0,-2,0.6765607595443726
53,7,sbj_6,Hard segment,1.0,2,0.6765213012695312
53,7,sbj_6,Boundary uncertainty,0.5,-1,0.32503023743629456
53,7,sbj_6,Boundary uncertainty,0.5,1,0.34303516149520874
53,7,sbj_6,Boundary uncertainty,1.0,-2,0.6034645438194275
53,7,sbj_6,Boundary uncertainty,1.0,2,0.6114152073860168
53,8,sbj_7,Hard segment,0.5,-1,0.5312412977218628
53,8,sbj_7,Hard segment,0.5,1,0.6394318342208862
53,8,sbj_7,Hard segment,1.0,-2,0.9129149317741394
53,8,sbj_7,Hard segment,1.0,2,1.0157803297042847
53,8,sbj_7,Boundary uncertainty,0.5,-1,0.43024390935897827
53,8,sbj_7,Boundary uncertainty,0.5,1,0.4723261594772339
53,8,sbj_7,Boundary uncertainty,1.0,-2,0.7494679689407349
53,8,sbj_7,Boundary uncertainty,1.0,2,0.7847222685813904
53,9,sbj_8,Hard segment,0.5,-1,0.4445587992668152
53,9,sbj_8,Hard segment,0.5,1,0.43177199363708496
53,9,sbj_8,Hard segment,1.0,-2,0.8074684739112854
53,9,sbj_8,Hard segment,1.0,2,0.7900643944740295
53,9,sbj_8,Boundary uncertainty,0.5,-1,0.385154664516449
53,9,sbj_8,Boundary uncertainty,0.5,1,0.3802255392074585
53,9,sbj_8,Boundary uncertainty,1.0,-2,0.6879489421844482
53,9,sbj_8,Boundary uncertainty,1.0,2,0.7061949372291565
53,10,sbj_9,Hard segment,0.5,-1,0.7917397022247314
53,10,sbj_9,Hard segment,0.5,1,0.714506208896637
53,10,sbj_9,Hard segment,1.0,-2,1.291672706604004
53,10,sbj_9,Hard segment,1.0,2,1.176186442375183
53,10,sbj_9,Boundary uncertainty,0.5,-1,0.5560613870620728
53,10,sbj_9,Boundary uncertainty,0.5,1,0.63700270652771
53,10,sbj_9,Boundary uncertainty,1.0,-2,0.9795287251472473
53,10,sbj_9,Boundary uncertainty,1.0,2,1.0293110609054565
53,11,sbj_10,Hard segment,0.5,-1,0.4126507341861725
53,11,sbj_10,Hard segment,0.5,1,0.4702952802181244
53,11,sbj_10,Hard segment,1.0,-2,0.7470896244049072
53,11,sbj_10,Hard segment,1.0,2,0.8450784087181091
53,11,sbj_10,Boundary uncertainty,0.5,-1,0.39715924859046936
53,11,sbj_10,Boundary uncertainty,0.5,1,0.3851519227027893
53,11,sbj_10,Boundary uncertainty,1.0,-2,0.685791015625
53,11,sbj_10,Boundary uncertainty,1.0,2,0.6885145306587219
53,12,sbj_11,Hard segment,0.5,-1,0.44484075903892517
53,12,sbj_11,Hard segment,0.5,1,0.4970519542694092
53,12,sbj_11,Hard segment,1.0,-2,0.8458375334739685
53,12,sbj_11,Hard segment,1.0,2,0.820331335067749
53,12,sbj_11,Boundary uncertainty,0.5,-1,0.406935453414917
53,12,sbj_11,Boundary uncertainty,0.5,1,0.49370500445365906
53,12,sbj_11,Boundary uncertainty,1.0,-2,0.7322443723678589
53,12,sbj_11,Boundary uncertainty,1.0,2,0.7857210636138916
53,13,sbj_12,Hard segment,0.5,-1,0.33123406767845154
53,13,sbj_12,Hard segment,0.5,1,0.39854153990745544
53,13,sbj_12,Hard segment,1.0,-2,0.6283054947853088
53,13,sbj_12,Hard segment,1.0,2,0.6915881633758545
53,13,sbj_12,Boundary uncertainty,0.5,-1,0.2984657883644104
53,13,sbj_12,Boundary uncertainty,0.5,1,0.34633129835128784
53,13,sbj_12,Boundary uncertainty,1.0,-2,0.5493236780166626
53,13,sbj_12,Boundary uncertainty,1.0,2,0.5877054929733276
53,14,sbj_13,Hard segment,0.5,-1,0.3543785512447357
53,14,sbj_13,Hard segment,0.5,1,0.38335126638412476
53,14,sbj_13,Hard segment,1.0,-2,0.638055682182312
53,14,sbj_13,Hard segment,1.0,2,0.6348044872283936
53,14,sbj_13,Boundary uncertainty,0.5,-1,0.3101538419723511
53,14,sbj_13,Boundary uncertainty,0.5,1,0.3246304988861084
53,14,sbj_13,Boundary uncertainty,1.0,-2,0.549466073513031
53,14,sbj_13,Boundary uncertainty,1.0,2,0.5409598350524902
53,15,sbj_14,Hard segment,0.5,-1,0.49348336458206177
53,15,sbj_14,Hard segment,0.5,1,0.5554168224334717
53,15,sbj_14,Hard segment,1.0,-2,0.8394022583961487
53,15,sbj_14,Hard segment,1.0,2,0.8837328553199768
53,15,sbj_14,Boundary uncertainty,0.5,-1,0.41010361909866333
53,15,sbj_14,Boundary uncertainty,0.5,1,0.42818573117256165
53,15,sbj_14,Boundary uncertainty,1.0,-2,0.7422719597816467
53,15,sbj_14,Boundary uncertainty,1.0,2,0.7553629875183105
53,16,sbj_15,Hard segment,0.5,-1,0.36162593960762024
53,16,sbj_15,Hard segment,0.5,1,0.3775607943534851
53,16,sbj_15,Hard segment,1.0,-2,0.6430842876434326
53,16,sbj_15,Hard segment,1.0,2,0.6514446139335632
53,16,sbj_15,Boundary uncertainty,0.5,-1,0.3410806953907013
53,16,sbj_15,Boundary uncertainty,0.5,1,0.34516775608062744
53,16,sbj_15,Boundary uncertainty,1.0,-2,0.6156641840934753
53,16,sbj_15,Boundary uncertainty,1.0,2,0.6286067962646484
53,17,sbj_16,Hard segment,0.5,-1,0.3504835367202759
53,17,sbj_16,Hard segment,0.5,1,0.3024143874645233
53,17,sbj_16,Hard segment,1.0,-2,0.5975762605667114
53,17,sbj_16,Hard segment,1.0,2,0.6045433878898621
53,17,sbj_16,Boundary uncertainty,0.5,-1,0.31503358483314514
53,17,sbj_16,Boundary uncertainty,0.5,1,0.2731630802154541
53,17,sbj_16,Boundary uncertainty,1.0,-2,0.5458049774169922
53,17,sbj_16,Boundary uncertainty,1.0,2,0.5432548522949219
53,18,sbj_17,Hard segment,0.5,-1,0.44955161213874817
53,18,sbj_17,Hard segment,0.5,1,0.3891385793685913
53,18,sbj_17,Hard segment,1.0,-2,0.8022070527076721
53,18,sbj_17,Hard segment,1.0,2,0.7616590261459351
53,18,sbj_17,Boundary uncertainty,0.5,-1,0.3824101388454437
53,18,sbj_17,Boundary uncertainty,0.5,1,0.3771528899669647
53,18,sbj_17,Boundary uncertainty,1.0,-2,0.6963565349578857
53,18,sbj_17,Boundary uncertainty,1.0,2,0.6955017447471619
