time_seconds,gt,final
0.0,18,18
0.5,0,18
1.0,0,18
1.5,0,18
2.0,0,18
2.5,0,18
3.0,0,18
3.5,0,18
4.0,0,0
4.5,0,0
5.0,0,0
5.5,0,0
6.0,0,0
6.5,0,0
7.0,0,0
7.5,0,0
8.0,0,0
8.5,0,0
9.0,0,0
9.5,0,0
10.0,0,0
10.5,0,0
11.0,0,0
11.5,0,0
12.0,0,0
12.5,0,0
13.0,0,0
13.5,0,0
14.0,0,0
14.5,0,0
15.0,0,0
15.5,0,0
16.0,0,0
16.5,0,0
17.0,0,0
17.5,0,0
18.0,0,0
18.5,0,0
19.0,0,0
19.5,0,0
20.0,0,0
20.5,0,0
21.0,0,0
21.5,0,0
22.0,0,0
22.5,0,0
23.0,0,0
23.5,0,0
24.0,0,0
24.5,0,0
25.0,0,0
25.5,0,0
26.0,0,0
26.5,0,0
27.0,0,0
27.5,0,0
28.0,0,0
28.5,0,0
29.0,0,0
29.5,0,0
30.0,0,0
30.5,0,0
31.0,0,0
31.5,0,0
32.0,0,0
32.5,0,0
33.0,0,0
33.5,0,0
34.0,0,0
34.5,0,0
35.0,0,0
35.5,0,0
36.0,0,0
36.5,0,0
37.0,0,0
37.5,0,0
38.0,0,0
38.5,0,0
39.0,0,0
39.5,0,0
40.0,0,0
40.5,0,0
41.0,0,0
41.5,0,0
42.0,0,0
42.5,0,0
43.0,0,0
43.5,0,0
44.0,0,0
44.5,0,0
45.0,0,0
45.5,0,0
46.0,0,0
46.5,0,0
47.0,0,0
47.5,0,0
48.0,0,0
48.5,0,0
49.0,0,0
49.5,0,0
50.0,0,0
50.5,0,0
51.0,0,0
51.5,0,0
52.0,0,0
52.5,0,0
53.0,0,0
53.5,0,0
54.0,0,0
54.5,0,0
55.0,0,0
55.5,0,0
56.0,0,0
56.5,0,0
57.0,0,0
57.5,0,0
58.0,0,0
58.5,0,0
59.0,0,0
59.5,0,0
60.0,0,0
60.5,0,0
61.0,0,0
61.5,0,0
62.0,0,0
62.5,0,0
63.0,0,0
63.5,0,0
64.0,0,0
64.5,0,0
65.0,0,0
65.5,0,0
66.0,0,0
66.5,0,0
67.0,0,0
67.5,0,0
68.0,0,0
68.5,0,0
69.0,0,0
69.5,0,0
70.0,0,0
70.5,0,0
71.0,0,0
71.5,0,0
72.0,0,0
72.5,0,0
73.0,0,0
73.5,0,0
74.0,0,0
74.5,0,0
75.0,0,0
75.5,0,0
76.0,0,0
76.5,0,0
77.0,0,0
77.5,0,0
78.0,0,0
78.5,0,0
79.0,0,0
79.5,0,0
80.0,0,0
80.5,0,0
81.0,0,0
81.5,0,0
82.0,0,0
82.5,0,0
83.0,0,0
83.5,0,0
84.0,0,0
84.5,0,0
85.0,0,0
85.5,0,0
86.0,0,16
86.5,0,16
87.0,0,16
87.5,0,16
88.0,0,16
88.5,0,16
89.0,0,16
89.5,0,16
90.0,0,16
90.5,0,16
91.0,0,16
91.5,0,16
92.0,0,16
92.5,0,16
93.0,0,16
93.5,0,16
94.0,0,16
94.5,0,16
95.0,0,16
95.5,0,16
96.0,0,16
96.5,0,16
97.0,0,16
97.5,0,16
98.0,0,16
98.5,0,16
99.0,0,16
99.5,0,16
100.0,0,16
100.5,0,16
101.0,0,16
101.5,0,16
102.0,18,16
102.5,18,16
103.0,18,16
103.5,18,16
104.0,18,16
104.5,18,16
105.0,18,16
105.5,18,16
106.0,18,16
106.5,18,16
107.0,1,16
107.5,1,16
108.0,1,16
108.5,1,16
109.0,1,16
109.5,1,16
110.0,1,16
110.5,1,16
111.0,1,16
111.5,1,16
112.0,1,16
112.5,1,16
113.0,1,16
113.5,1,16
114.0,1,16
114.5,1,16
115.0,1,16
115.5,1,16
116.0,1,16
116.5,1,16
117.0,1,16
117.5,1,16
118.0,1,16
118.5,1,16
119.0,1,16
119.5,1,16
120.0,1,16
120.5,1,16
121.0,1,16
121.5,1,16
122.0,1,16
122.5,1,16
123.0,1,16
123.5,1,16
124.0,1,16
124.5,1,16
125.0,1,16
125.5,1,16
126.0,1,16
126.5,1,16
127.0,1,16
127.5,1,16
128.0,1,16
128.5,1,16
129.0,1,16
129.5,1,16
130.0,1,16
130.5,1,16
131.0,1,16
131.5,1,16
132.0,1,16
132.5,1,16
133.0,1,16
133.5,1,16
134.0,1,16
134.5,1,16
135.0,1,16
135.5,1,16
136.0,1,16
136.5,1,16
137.0,1,16
137.5,1,16
138.0,1,16
138.5,1,16
139.0,1,16
139.5,1,16
140.0,1,16
140.5,1,16
141.0,1,16
141.5,1,16
142.0,1,16
142.5,1,16
143.0,1,16
143.5,1,16
144.0,1,16
144.5,1,16
145.0,1,16
145.5,1,16
146.0,1,16
146.5,1,16
147.0,1,16
147.5,1,16
148.0,1,16
148.5,1,16
149.0,1,16
149.5,1,16
150.0,1,16
150.5,1,16
151.0,1,16
151.5,1,16
152.0,1,16
152.5,1,16
153.0,1,16
153.5,1,16
154.0,1,16
154.5,1,16
155.0,1,16
155.5,1,16
156.0,1,16
156.5,1,16
157.0,1,16
157.5,1,16
158.0,1,16
158.5,1,16
159.0,1,16
159.5,1,16
160.0,1,16
160.5,1,16
161.0,1,16
161.5,1,16
162.0,1,16
162.5,1,16
163.0,1,16
163.5,1,16
164.0,1,16
164.5,1,16
165.0,1,16
165.5,1,16
166.0,1,16
166.5,1,16
167.0,1,16
167.5,1,16
168.0,1,16
168.5,1,16
169.0,1,16
169.5,1,16
170.0,1,16
170.5,1,16
171.0,1,16
171.5,1,16
172.0,1,16
172.5,1,16
173.0,1,16
173.5,1,16
174.0,1,16
174.5,1,16
175.0,1,16
175.5,1,16
176.0,1,16
176.5,1,16
177.0,1,16
177.5,1,16
178.0,1,16
178.5,1,16
179.0,1,16
179.5,1,16
180.0,1,16
180.5,1,16
181.0,1,16
181.5,1,16
182.0,1,16
182.5,1,16
183.0,1,16
183.5,1,16
184.0,1,16
184.5,1,16
185.0,1,16
185.5,1,16
186.0,1,16
186.5,1,16
187.0,1,16
187.5,1,16
188.0,1,16
188.5,1,16
189.0,1,16
189.5,1,16
190.0,1,16
190.5,1,16
191.0,1,16
191.5,1,16
192.0,1,16
192.5,1,16
193.0,1,16
193.5,1,16
194.0,1,16
194.5,1,16
195.0,1,16
195.5,1,16
196.0,1,16
196.5,1,18
197.0,1,18
197.5,1,18
198.0,1,18
198.5,1,18
199.0,1,18
199.5,1,18
200.0,18,18
200.5,18,18
201.0,18,18
201.5,18,18
202.0,18,18
202.5,18,18
203.0,18,18
203.5,18,18
204.0,18,18
204.5,18,18
205.0,18,18
205.5,18,18
206.0,18,18
206.5,18,18
207.0,18,18
207.5,18,18
208.0,18,18
208.5,18,18
209.0,18,18
209.5,18,18
210.0,18,18
210.5,2,2
211.0,2,2
211.5,2,2
212.0,2,2
212.5,2,2
213.0,2,2
213.5,2,2
214.0,2,2
214.5,2,2
215.0,2,2
215.5,2,2
216.0,2,2
216.5,2,2
217.0,2,2
217.5,2,2
218.0,2,2
218.5,2,2
219.0,2,2
219.5,2,2
220.0,2,2
220.5,2,2
221.0,2,2
221.5,2,2
222.0,2,2
222.5,2,2
223.0,2,2
223.5,2,2
224.0,2,2
224.5,2,2
225.0,2,2
225.5,2,2
226.0,2,2
226.5,2,2
227.0,2,2
227.5,2,2
228.0,2,2
228.5,2,2
229.0,2,2
229.5,2,2
230.0,2,2
230.5,2,2
231.0,2,2
231.5,2,2
232.0,2,2
232.5,2,2
233.0,2,2
233.5,2,2
234.0,2,2
234.5,2,2
235.0,2,2
235.5,2,2
236.0,2,2
236.5,2,2
237.0,2,2
237.5,2,2
238.0,2,2
238.5,2,2
239.0,2,2
239.5,2,2
240.0,2,2
240.5,2,2
241.0,2,2
241.5,2,2
242.0,2,2
242.5,2,2
243.0,2,2
243.5,2,2
244.0,2,2
244.5,2,2
245.0,2,2
245.5,2,2
246.0,2,2
246.5,2,2
247.0,2,2
247.5,2,2
248.0,2,2
248.5,2,2
249.0,2,2
249.5,2,2
250.0,2,2
250.5,2,2
251.0,2,2
251.5,2,2
252.0,2,2
252.5,2,2
253.0,2,2
253.5,2,2
254.0,2,2
254.5,2,2
255.0,2,2
255.5,2,2
256.0,2,2
256.5,2,2
257.0,2,2
257.5,2,2
258.0,2,2
258.5,2,2
259.0,2,2
259.5,2,2
260.0,2,2
260.5,2,2
261.0,2,2
261.5,2,2
262.0,2,2
262.5,2,2
263.0,2,2
263.5,2,2
264.0,2,2
264.5,2,2
265.0,2,2
265.5,2,2
266.0,2,2
266.5,2,2
267.0,2,2
267.5,2,2
268.0,2,2
268.5,2,2
269.0,2,2
269.5,2,2
270.0,2,2
270.5,2,2
271.0,2,2
271.5,2,2
272.0,2,2
272.5,2,2
273.0,2,2
273.5,2,2
274.0,2,2
274.5,2,2
275.0,2,2
275.5,2,2
276.0,2,2
276.5,2,2
277.0,2,2
277.5,2,2
278.0,2,2
278.5,2,2
279.0,2,2
279.5,2,2
280.0,2,2
280.5,2,2
281.0,2,2
281.5,2,2
282.0,2,2
282.5,2,2
283.0,2,2
283.5,2,2
284.0,2,2
284.5,2,2
285.0,2,2
285.5,2,2
286.0,2,2
286.5,2,2
287.0,2,2
287.5,2,2
288.0,2,2
288.5,2,2
289.0,2,2
289.5,2,2
290.0,2,2
290.5,2,2
291.0,2,2
291.5,2,2
292.0,2,2
292.5,2,2
293.0,2,2
293.5,2,2
294.0,2,2
294.5,2,2
295.0,2,2
295.5,2,2
296.0,2,2
296.5,2,2
297.0,2,2
297.5,2,2
298.0,2,2
298.5,2,2
299.0,2,2
299.5,2,2
300.0,2,2
300.5,2,2
301.0,2,2
301.5,2,18
302.0,2,18
302.5,2,18
303.0,18,18
303.5,18,18
304.0,18,18
304.5,18,18
305.0,18,18
305.5,18,18
306.0,18,18
306.5,18,18
307.0,18,18
307.5,18,18
308.0,18,18
308.5,18,18
309.0,18,18
309.5,18,18
310.0,18,18
310.5,18,18
311.0,18,18
311.5,18,18
312.0,18,18
312.5,18,18
313.0,18,18
313.5,18,18
314.0,18,18
314.5,18,18
315.0,18,18
315.5,18,18
316.0,18,18
316.5,18,18
317.0,18,18
317.5,18,18
318.0,18,18
318.5,18,18
319.0,18,18
319.5,18,18
320.0,18,18
320.5,18,18
321.0,18,18
321.5,18,18
322.0,18,18
322.5,18,18
323.0,18,18
323.5,18,18
324.0,18,18
324.5,18,18
325.0,18,18
325.5,18,18
326.0,18,18
326.5,18,18
327.0,18,18
327.5,18,18
328.0,18,18
328.5,18,18
329.0,18,18
329.5,18,18
330.0,18,18
330.5,18,18
331.0,18,18
331.5,18,18
332.0,18,18
332.5,18,18
333.0,18,18
333.5,18,18
334.0,18,18
334.5,18,18
335.0,18,18
335.5,18,18
336.0,18,18
336.5,18,18
337.0,18,18
337.5,18,18
338.0,18,18
338.5,18,18
339.0,18,18
339.5,18,18
340.0,18,18
340.5,18,18
341.0,18,18
341.5,18,18
342.0,18,18
342.5,18,18
343.0,18,18
343.5,18,18
344.0,18,18
344.5,18,18
345.0,18,18
345.5,18,18
346.0,18,18
346.5,18,18
347.0,18,18
347.5,18,18
348.0,18,18
348.5,18,18
349.0,18,18
349.5,18,18
350.0,18,18
350.5,18,18
351.0,18,18
351.5,18,18
352.0,18,18
352.5,18,18
353.0,18,18
353.5,18,18
354.0,18,18
354.5,18,18
355.0,18,18
355.5,18,18
356.0,18,18
356.5,18,18
357.0,18,18
357.5,18,18
358.0,18,18
358.5,18,10
359.0,18,10
359.5,18,10
360.0,18,10
360.5,18,10
361.0,18,10
361.5,10,10
362.0,10,10
362.5,10,10
363.0,10,10
363.5,10,10
364.0,10,10
364.5,10,10
365.0,10,10
365.5,10,10
366.0,10,10
366.5,10,10
367.0,10,10
367.5,10,10
368.0,10,10
368.5,10,10
369.0,10,10
369.5,10,10
370.0,10,10
370.5,10,10
371.0,10,10
371.5,10,10
372.0,10,10
372.5,10,10
373.0,10,10
373.5,10,10
374.0,10,10
374.5,10,10
375.0,10,10
375.5,10,10
376.0,10,10
376.5,10,10
377.0,10,10
377.5,10,10
378.0,10,10
378.5,10,10
379.0,10,10
379.5,10,10
380.0,10,10
380.5,10,10
381.0,10,10
381.5,10,10
382.0,10,10
382.5,10,10
383.0,10,10
383.5,10,10
384.0,10,10
384.5,10,10
385.0,10,10
385.5,10,10
386.0,10,10
386.5,10,10
387.0,10,10
387.5,10,10
388.0,10,10
388.5,10,10
389.0,10,10
389.5,10,10
390.0,10,18
390.5,10,18
391.0,10,18
391.5,10,18
392.0,10,18
392.5,10,18
393.0,10,18
393.5,10,18
394.0,10,18
394.5,10,18
395.0,10,18
395.5,10,18
396.0,10,18
396.5,10,18
397.0,10,18
397.5,10,18
398.0,10,18
398.5,10,18
399.0,10,18
399.5,10,18
400.0,10,18
400.5,10,18
401.0,10,18
401.5,10,18
402.0,10,18
402.5,10,18
403.0,10,18
403.5,10,18
404.0,10,18
404.5,10,18
405.0,10,18
405.5,10,10
406.0,10,10
406.5,10,10
407.0,10,10
407.5,10,10
408.0,10,10
408.5,10,10
409.0,10,10
409.5,10,10
410.0,10,10
410.5,10,9
411.0,10,9
411.5,10,9
412.0,10,9
412.5,10,9
413.0,10,9
413.5,10,9
414.0,10,9
414.5,10,9
415.0,10,9
415.5,10,9
416.0,10,9
416.5,10,9
417.0,10,9
417.5,10,9
418.0,10,9
418.5,10,9
419.0,10,9
419.5,10,9
420.0,10,9
420.5,10,9
421.0,10,9
421.5,10,9
422.0,10,9
422.5,10,9
423.0,10,9
423.5,10,9
424.0,10,9
424.5,10,9
425.0,10,9
425.5,10,9
426.0,10,9
426.5,10,9
427.0,10,9
427.5,10,9
428.0,10,9
428.5,10,9
429.0,10,9
429.5,10,9
430.0,10,9
430.5,10,9
431.0,10,10
431.5,10,10
432.0,10,10
432.5,10,10
433.0,10,10
433.5,10,10
434.0,10,10
434.5,10,10
435.0,10,10
435.5,10,10
436.0,10,10
436.5,10,10
437.0,10,10
437.5,10,10
438.0,10,10
438.5,10,10
439.0,10,10
439.5,10,10
440.0,10,10
440.5,10,10
441.0,10,10
441.5,10,10
442.0,10,10
442.5,10,10
443.0,10,10
443.5,10,10
444.0,10,10
444.5,10,10
445.0,10,10
445.5,10,10
446.0,10,10
446.5,10,10
447.0,10,10
447.5,10,10
448.0,10,10
448.5,10,10
449.0,10,10
449.5,10,10
450.0,10,10
450.5,10,10
451.0,10,10
451.5,10,10
452.0,10,10
452.5,10,10
453.0,10,10
453.5,10,10
454.0,10,10
454.5,10,10
455.0,10,18
455.5,10,18
456.0,10,18
456.5,10,18
457.0,10,18
457.5,18,18
458.0,18,18
458.5,18,18
459.0,18,18
459.5,18,18
460.0,18,18
460.5,18,18
461.0,18,18
461.5,18,18
462.0,18,18
462.5,18,18
463.0,18,18
463.5,18,18
464.0,18,18
464.5,18,18
465.0,18,18
465.5,18,18
466.0,18,18
466.5,18,18
467.0,18,18
467.5,18,18
468.0,18,18
468.5,18,18
469.0,18,18
469.5,18,18
470.0,18,18
470.5,18,18
471.0,18,18
471.5,18,18
472.0,18,18
472.5,18,18
473.0,18,18
473.5,18,18
474.0,18,18
474.5,18,18
475.0,18,18
475.5,18,18
476.0,18,18
476.5,18,18
477.0,18,18
477.5,18,18
478.0,18,18
478.5,18,18
479.0,18,18
479.5,18,18
480.0,18,18
480.5,18,18
481.0,18,18
481.5,18,18
482.0,18,18
482.5,18,18
483.0,18,18
483.5,18,18
484.0,18,18
484.5,18,18
485.0,18,18
485.5,18,18
486.0,12,18
486.5,12,18
487.0,12,18
487.5,12,18
488.0,12,18
488.5,12,18
489.0,12,18
489.5,12,18
490.0,12,18
490.5,12,18
491.0,18,18
491.5,18,18
492.0,18,18
492.5,18,18
493.0,18,18
493.5,18,18
494.0,18,18
494.5,18,18
495.0,18,18
495.5,12,14
496.0,12,14
496.5,12,14
497.0,12,14
497.5,12,14
498.0,12,14
498.5,12,14
499.0,12,14
499.5,12,14
500.0,12,14
500.5,12,14
501.0,12,14
501.5,12,14
502.0,12,14
502.5,12,14
503.0,12,14
503.5,12,14
504.0,12,14
504.5,12,14
505.0,12,14
505.5,12,14
506.0,12,14
506.5,12,14
507.0,12,14
507.5,12,14
508.0,12,14
508.5,12,14
509.0,12,14
509.5,12,14
510.0,12,14
510.5,12,14
511.0,12,14
511.5,12,14
512.0,12,14
512.5,12,14
513.0,12,14
513.5,12,14
514.0,12,14
514.5,12,14
515.0,12,14
515.5,12,14
516.0,12,14
516.5,12,14
517.0,12,14
517.5,12,14
518.0,12,14
518.5,12,14
519.0,12,14
519.5,12,14
520.0,12,14
520.5,12,14
521.0,12,14
521.5,12,14
522.0,12,14
522.5,12,14
523.0,12,14
523.5,12,14
524.0,12,14
524.5,12,14
525.0,12,14
525.5,12,14
526.0,12,14
526.5,12,14
527.0,12,14
527.5,12,14
528.0,12,14
528.5,12,14
529.0,12,14
529.5,12,14
530.0,12,14
530.5,12,14
531.0,12,14
531.5,12,14
532.0,12,14
532.5,12,14
533.0,12,14
533.5,12,14
534.0,12,14
534.5,12,14
535.0,12,14
535.5,12,14
536.0,12,14
536.5,12,14
537.0,12,14
537.5,12,14
538.0,12,14
538.5,12,14
539.0,12,14
539.5,12,14
540.0,12,14
540.5,12,14
541.0,12,14
541.5,12,14
542.0,12,14
542.5,12,14
543.0,12,14
543.5,12,14
544.0,12,14
544.5,12,14
545.0,12,14
545.5,12,14
546.0,12,14
546.5,12,14
547.0,12,14
547.5,12,14
548.0,12,14
548.5,12,14
549.0,12,14
549.5,12,14
550.0,12,14
550.5,12,14
551.0,12,14
551.5,12,14
552.0,12,14
552.5,12,14
553.0,12,14
553.5,12,14
554.0,12,14
554.5,12,14
555.0,12,14
555.5,12,14
556.0,12,14
556.5,12,14
557.0,12,14
557.5,12,14
558.0,12,14
558.5,12,14
559.0,12,14
559.5,12,14
560.0,12,14
560.5,12,14
561.0,12,14
561.5,12,14
562.0,12,14
562.5,12,14
563.0,12,14
563.5,12,14
564.0,12,14
564.5,12,14
565.0,12,14
565.5,12,14
566.0,12,14
566.5,12,14
567.0,12,14
567.5,12,14
568.0,12,14
568.5,12,14
569.0,12,14
569.5,12,14
570.0,12,14
570.5,12,14
571.0,12,14
571.5,12,14
572.0,12,14
572.5,12,14
573.0,12,14
573.5,12,14
574.0,12,14
574.5,12,14
575.0,12,14
575.5,12,14
576.0,12,14
576.5,12,14
577.0,12,14
577.5,12,14
578.0,12,14
578.5,12,14
579.0,12,14
579.5,12,14
580.0,12,14
580.5,12,14
581.0,12,14
581.5,12,14
582.0,12,14
582.5,12,14
583.0,12,14
583.5,12,14
584.0,12,14
584.5,12,14
585.0,12,14
585.5,12,14
586.0,12,14
586.5,12,14
587.0,12,14
587.5,12,14
588.0,12,14
588.5,12,14
589.0,12,14
589.5,12,14
590.0,12,14
590.5,12,14
591.0,12,14
591.5,12,14
592.0,12,14
592.5,12,14
593.0,12,14
593.5,18,14
594.0,18,18
594.5,18,18
595.0,18,18
595.5,18,18
596.0,18,18
596.5,18,18
597.0,18,18
597.5,18,18
598.0,18,18
598.5,18,18
599.0,18,18
599.5,18,18
600.0,18,18
600.5,18,18
601.0,18,18
601.5,18,18
602.0,18,18
602.5,18,18
603.0,18,18
603.5,12,18
604.0,12,18
604.5,12,18
605.0,12,18
605.5,12,18
606.0,18,18
606.5,18,18
607.0,18,18
607.5,18,18
608.0,18,18
608.5,18,18
609.0,18,18
609.5,18,18
610.0,13,18
610.5,13,18
611.0,13,18
611.5,13,18
612.0,13,18
612.5,13,18
613.0,13,18
613.5,13,18
614.0,13,18
614.5,13,18
615.0,13,18
615.5,13,18
616.0,13,18
616.5,13,18
617.0,13,18
617.5,13,18
618.0,13,18
618.5,13,18
619.0,13,18
619.5,13,18
620.0,13,18
620.5,13,18
621.0,13,18
621.5,13,14
622.0,13,14
622.5,13,14
623.0,13,14
623.5,13,14
624.0,13,14
624.5,13,14
625.0,13,14
625.5,13,14
626.0,13,14
626.5,13,14
627.0,13,14
627.5,13,14
628.0,13,14
628.5,13,14
629.0,13,14
629.5,13,14
630.0,13,14
630.5,13,14
631.0,13,14
631.5,13,14
632.0,13,14
632.5,13,14
633.0,13,14
633.5,13,14
634.0,13,14
634.5,13,14
635.0,13,14
635.5,13,14
636.0,13,14
636.5,13,14
637.0,13,14
637.5,13,14
638.0,13,14
638.5,13,14
639.0,13,14
639.5,13,14
640.0,13,14
640.5,13,14
641.0,13,14
641.5,13,14
642.0,13,14
642.5,13,14
643.0,13,14
643.5,13,14
644.0,13,14
644.5,13,14
645.0,13,14
645.5,13,14
646.0,13,14
646.5,13,14
647.0,13,14
647.5,13,14
648.0,13,14
648.5,13,14
649.0,13,14
649.5,13,14
650.0,13,14
650.5,13,14
651.0,13,14
651.5,13,14
652.0,13,14
652.5,13,14
653.0,13,14
653.5,13,14
654.0,13,14
654.5,13,14
655.0,13,14
655.5,13,14
656.0,13,14
656.5,13,14
657.0,13,14
657.5,13,14
658.0,13,14
658.5,13,14
659.0,13,14
659.5,13,14
660.0,13,14
660.5,13,14
661.0,13,14
661.5,13,14
662.0,13,14
662.5,13,14
663.0,13,14
663.5,13,14
664.0,13,14
664.5,13,18
665.0,13,18
665.5,13,18
666.0,13,18
666.5,18,18
667.0,18,18
667.5,18,18
668.0,18,18
668.5,18,18
669.0,18,18
669.5,18,18
670.0,18,18
670.5,18,18
671.0,18,18
671.5,18,18
672.0,18,18
672.5,18,18
673.0,18,18
673.5,18,18
674.0,18,18
674.5,18,18
675.0,18,18
675.5,18,18
676.0,18,18
676.5,18,18
677.0,18,18
677.5,18,18
678.0,18,18
678.5,18,18
679.0,18,18
679.5,18,18
680.0,18,18
680.5,18,18
681.0,18,18
681.5,18,18
682.0,18,18
682.5,18,18
683.0,18,18
683.5,18,18
684.0,18,18
684.5,18,18
685.0,18,18
685.5,18,18
686.0,18,18
686.5,18,18
687.0,18,18
687.5,18,18
688.0,18,18
688.5,18,18
689.0,18,18
689.5,18,18
690.0,18,18
690.5,18,18
691.0,18,18
691.5,18,18
692.0,18,18
692.5,18,18
693.0,18,18
693.5,18,18
694.0,18,18
694.5,18,18
695.0,18,18
695.5,18,18
696.0,18,18
696.5,18,18
697.0,18,18
697.5,18,18
698.0,18,18
698.5,18,18
699.0,18,18
699.5,18,18
700.0,18,18
700.5,18,18
701.0,18,18
701.5,18,18
702.0,18,18
702.5,18,18
703.0,18,18
703.5,18,18
704.0,18,18
704.5,18,18
705.0,18,18
705.5,18,18
706.0,18,18
706.5,18,18
707.0,18,18
707.5,18,18
708.0,18,18
708.5,18,18
709.0,18,18
709.5,18,18
710.0,18,18
710.5,18,18
711.0,13,18
711.5,13,18
712.0,13,18
712.5,13,18
713.0,13,14
713.5,13,14
714.0,13,14
714.5,13,14
715.0,13,14
715.5,13,14
716.0,13,14
716.5,13,14
717.0,13,14
717.5,13,14
718.0,13,14
718.5,13,14
719.0,13,14
719.5,13,14
720.0,13,14
720.5,13,14
721.0,13,14
721.5,13,14
722.0,13,14
722.5,13,14
723.0,13,14
723.5,13,14
724.0,13,14
724.5,13,14
725.0,13,14
725.5,13,14
726.0,13,14
726.5,13,14
727.0,13,14
727.5,13,14
728.0,13,14
728.5,13,14
729.0,13,14
729.5,13,14
730.0,13,14
730.5,13,14
731.0,13,14
731.5,13,14
732.0,13,14
732.5,13,14
733.0,13,14
733.5,13,14
734.0,13,14
734.5,13,14
735.0,13,14
735.5,13,14
736.0,13,14
736.5,13,14
737.0,13,14
737.5,13,14
738.0,13,14
738.5,13,14
739.0,13,14
739.5,13,14
740.0,13,14
740.5,13,14
741.0,13,14
741.5,13,14
742.0,13,14
742.5,13,14
743.0,13,14
743.5,13,14
744.0,13,14
744.5,13,14
745.0,13,14
745.5,13,14
746.0,13,14
746.5,13,14
747.0,13,14
747.5,13,14
748.0,13,14
748.5,13,14
749.0,13,14
749.5,13,14
750.0,13,14
750.5,13,14
751.0,13,14
751.5,13,14
752.0,13,14
752.5,13,14
753.0,13,14
753.5,13,14
754.0,13,14
754.5,13,14
755.0,13,14
755.5,13,14
756.0,13,14
756.5,13,14
757.0,13,14
757.5,13,14
758.0,13,14
758.5,18,18
759.0,18,18
759.5,18,18
760.0,18,18
760.5,18,18
761.0,18,18
761.5,18,18
762.0,18,18
762.5,18,18
763.0,18,18
763.5,18,18
764.0,18,18
764.5,18,18
765.0,18,18
765.5,18,18
766.0,18,18
766.5,18,18
767.0,18,18
767.5,18,18
768.0,18,18
768.5,18,18
769.0,18,18
769.5,18,18
770.0,18,18
770.5,18,18
771.0,18,18
771.5,18,18
772.0,18,18
772.5,18,18
773.0,18,18
773.5,18,18
774.0,18,18
774.5,18,18
775.0,18,18
775.5,18,18
776.0,18,18
776.5,18,18
777.0,18,18
777.5,18,18
778.0,18,18
778.5,18,18
779.0,18,18
779.5,18,18
780.0,18,18
780.5,18,18
781.0,18,18
781.5,18,18
782.0,18,18
782.5,18,18
783.0,18,18
783.5,18,18
784.0,18,18
784.5,18,18
785.0,18,18
785.5,18,18
786.0,18,18
786.5,18,18
787.0,18,18
787.5,18,18
788.0,18,18
788.5,18,18
789.0,5,18
789.5,5,18
790.0,5,18
790.5,5,18
791.0,18,18
791.5,18,18
792.0,18,18
792.5,18,18
793.0,18,15
793.5,18,15
794.0,18,15
794.5,18,15
795.0,18,15
795.5,5,15
796.0,5,15
796.5,5,15
797.0,5,15
797.5,5,15
798.0,5,15
798.5,5,15
799.0,5,15
799.5,5,15
800.0,5,15
800.5,5,15
801.0,5,15
801.5,5,15
802.0,5,15
802.5,5,15
803.0,5,15
803.5,5,15
804.0,5,15
804.5,5,15
805.0,5,15
805.5,5,15
806.0,5,15
806.5,5,15
807.0,5,15
807.5,5,15
808.0,5,15
808.5,5,15
809.0,5,15
809.5,5,15
810.0,5,15
810.5,5,15
811.0,5,15
811.5,5,15
812.0,5,15
812.5,5,15
813.0,5,15
813.5,5,15
814.0,5,15
814.5,5,15
815.0,5,15
815.5,5,15
816.0,5,15
816.5,5,15
817.0,5,15
817.5,5,15
818.0,5,15
818.5,5,15
819.0,5,15
819.5,5,15
820.0,5,15
820.5,5,15
821.0,5,15
821.5,5,15
822.0,5,15
822.5,5,15
823.0,5,15
823.5,5,15
824.0,5,15
824.5,5,15
825.0,5,15
825.5,5,15
826.0,5,15
826.5,5,15
827.0,5,15
827.5,5,15
828.0,5,15
828.5,5,15
829.0,5,15
829.5,5,15
830.0,5,15
830.5,5,15
831.0,5,15
831.5,5,15
832.0,5,15
832.5,5,15
833.0,5,15
833.5,5,15
834.0,5,15
834.5,5,15
835.0,5,15
835.5,5,15
836.0,5,15
836.5,5,15
837.0,5,15
837.5,5,15
838.0,5,15
838.5,5,15
839.0,5,15
839.5,5,15
840.0,5,15
840.5,5,15
841.0,5,15
841.5,5,15
842.0,5,15
842.5,5,15
843.0,5,15
843.5,5,15
844.0,5,15
844.5,5,15
845.0,5,15
845.5,5,15
846.0,5,15
846.5,5,15
847.0,5,15
847.5,5,15
848.0,5,15
848.5,5,15
849.0,5,15
849.5,5,15
850.0,5,15
850.5,5,15
851.0,5,15
851.5,5,15
852.0,5,15
852.5,5,15
853.0,5,15
853.5,5,15
854.0,5,15
854.5,5,15
855.0,5,15
855.5,5,15
856.0,5,15
856.5,5,15
857.0,5,15
857.5,5,15
858.0,5,15
858.5,5,15
859.0,5,15
859.5,5,15
860.0,5,15
860.5,5,15
861.0,5,15
861.5,5,15
862.0,5,15
862.5,5,15
863.0,5,15
863.5,5,15
864.0,5,15
864.5,5,15
865.0,5,15
865.5,5,15
866.0,5,15
866.5,5,15
867.0,5,15
867.5,5,15
868.0,5,15
868.5,5,15
869.0,5,15
869.5,5,15
870.0,5,15
870.5,5,15
871.0,5,15
871.5,5,15
872.0,5,15
872.5,5,15
873.0,5,15
873.5,5,15
874.0,5,15
874.5,5,15
875.0,5,15
875.5,5,15
876.0,5,15
876.5,5,15
877.0,5,15
877.5,5,15
878.0,5,15
878.5,5,15
879.0,5,15
879.5,5,15
880.0,5,15
880.5,5,15
881.0,5,15
881.5,5,15
882.0,5,15
882.5,5,15
883.0,5,15
883.5,5,15
884.0,5,15
884.5,5,15
885.0,5,15
885.5,5,15
886.0,5,15
886.5,5,15
887.0,5,15
887.5,5,15
888.0,5,15
888.5,5,15
889.0,5,15
889.5,5,15
890.0,5,15
890.5,5,15
891.0,5,15
891.5,5,15
892.0,5,15
892.5,5,15
893.0,5,15
893.5,5,15
894.0,18,15
894.5,18,18
895.0,18,18
895.5,18,18
896.0,18,18
896.5,18,18
897.0,18,18
897.5,6,18
898.0,6,18
898.5,6,18
899.0,6,18
899.5,6,18
900.0,6,18
900.5,6,18
901.0,6,18
901.5,6,18
902.0,6,18
902.5,6,18
903.0,6,18
903.5,6,18
904.0,6,18
904.5,6,18
905.0,6,18
905.5,6,18
906.0,6,18
906.5,6,18
907.0,6,18
907.5,6,18
908.0,6,18
908.5,6,18
909.0,6,18
909.5,6,18
910.0,6,18
910.5,6,18
911.0,6,18
911.5,6,18
912.0,6,18
912.5,6,18
913.0,6,18
913.5,6,18
914.0,6,18
914.5,6,18
915.0,6,18
915.5,6,18
916.0,6,18
916.5,6,18
917.0,6,18
917.5,6,18
918.0,6,18
918.5,6,18
919.0,6,18
919.5,6,18
920.0,6,18
920.5,6,18
921.0,6,18
921.5,6,18
922.0,6,18
922.5,6,18
923.0,6,18
923.5,6,18
924.0,6,18
924.5,6,18
925.0,6,18
925.5,6,18
926.0,6,18
926.5,6,18
927.0,6,18
927.5,6,18
928.0,6,18
928.5,6,18
929.0,6,18
929.5,6,18
930.0,6,18
930.5,6,18
931.0,6,18
931.5,6,18
932.0,6,18
932.5,6,18
933.0,6,18
933.5,6,18
934.0,6,18
934.5,6,18
935.0,6,18
935.5,6,18
936.0,6,18
936.5,6,18
937.0,6,18
937.5,6,18
938.0,6,18
938.5,6,18
939.0,6,18
939.5,6,18
940.0,6,18
940.5,6,18
941.0,6,18
941.5,6,18
942.0,6,18
942.5,6,18
943.0,6,18
943.5,6,18
944.0,6,18
944.5,6,18
945.0,6,18
945.5,6,18
946.0,6,18
946.5,6,18
947.0,6,18
947.5,6,18
948.0,6,18
948.5,6,18
949.0,6,18
949.5,6,18
950.0,6,18
950.5,6,18
951.0,6,18
951.5,6,18
952.0,6,18
952.5,6,18
953.0,6,18
953.5,6,18
954.0,6,18
954.5,6,18
955.0,6,18
955.5,6,18
956.0,6,18
956.5,6,18
957.0,6,18
957.5,6,18
958.0,6,18
958.5,6,18
959.0,6,18
959.5,6,18
960.0,6,18
960.5,6,18
961.0,6,18
961.5,6,18
962.0,6,18
962.5,6,18
963.0,6,18
963.5,6,18
964.0,6,18
964.5,6,18
965.0,6,18
965.5,6,18
966.0,6,18
966.5,6,18
967.0,6,18
967.5,6,18
968.0,6,18
968.5,6,18
969.0,6,18
969.5,6,18
970.0,6,18
970.5,6,18
971.0,6,18
971.5,6,18
972.0,6,18
972.5,6,18
973.0,6,18
973.5,6,18
974.0,6,18
974.5,6,18
975.0,6,18
975.5,6,18
976.0,6,18
976.5,6,18
977.0,6,18
977.5,6,18
978.0,6,18
978.5,6,18
979.0,6,18
979.5,6,18
980.0,6,18
980.5,6,18
981.0,6,18
981.5,6,18
982.0,6,18
982.5,6,18
983.0,6,18
983.5,6,18
984.0,6,18
984.5,6,18
985.0,6,18
985.5,6,18
986.0,6,18
986.5,6,18
987.0,6,18
987.5,6,18
988.0,6,18
988.5,6,18
989.0,6,18
989.5,6,18
990.0,6,18
990.5,6,18
991.0,6,18
991.5,6,18
992.0,6,18
992.5,6,18
993.0,6,18
993.5,6,18
994.0,6,18
994.5,6,18
995.0,6,18
995.5,6,18
996.0,6,18
996.5,6,18
997.0,6,18
997.5,6,18
998.0,6,18
998.5,6,18
999.0,18,18
999.5,18,18
1000.0,18,18
1000.5,18,18
1001.0,18,18
1001.5,18,18
1002.0,18,18
1002.5,18,18
1003.0,18,18
1003.5,18,18
1004.0,18,18
1004.5,18,18
1005.0,18,18
1005.5,18,18
1006.0,18,18
1006.5,18,18
1007.0,18,18
1007.5,18,18
1008.0,18,18
1008.5,18,18
1009.0,18,18
1009.5,18,18
1010.0,18,18
1010.5,18,18
1011.0,18,18
1011.5,18,18
1012.0,18,18
1012.5,18,18
1013.0,18,18
1013.5,18,18
1014.0,18,18
1014.5,18,18
1015.0,18,18
1015.5,18,18
1016.0,18,18
1016.5,18,18
1017.0,18,18
1017.5,18,18
1018.0,18,18
1018.5,18,18
1019.0,18,18
1019.5,18,18
1020.0,18,18
1020.5,18,18
1021.0,18,18
1021.5,18,18
1022.0,18,18
1022.5,18,18
1023.0,18,18
1023.5,18,11
1024.0,18,11
1024.5,18,11
1025.0,18,11
1025.5,18,11
1026.0,11,11
1026.5,11,11
1027.0,11,11
1027.5,11,11
1028.0,11,11
1028.5,11,11
1029.0,11,11
1029.5,11,11
1030.0,11,11
1030.5,11,11
1031.0,11,11
1031.5,18,11
1032.0,18,11
1032.5,18,11
1033.0,18,11
1033.5,18,11
1034.0,18,11
1034.5,18,11
1035.0,18,11
1035.5,18,11
1036.0,11,11
1036.5,11,11
1037.0,11,11
1037.5,11,11
1038.0,11,11
1038.5,11,11
1039.0,11,11
1039.5,11,11
1040.0,11,11
1040.5,11,11
1041.0,11,11
1041.5,11,11
1042.0,11,11
1042.5,11,11
1043.0,11,11
1043.5,11,11
1044.0,11,11
1044.5,11,11
1045.0,11,11
1045.5,11,11
1046.0,11,11
1046.5,11,11
1047.0,11,11
1047.5,11,11
1048.0,11,11
1048.5,11,11
1049.0,11,11
1049.5,11,11
1050.0,11,11
1050.5,11,11
1051.0,11,11
1051.5,11,11
1052.0,11,11
1052.5,11,11
1053.0,11,11
1053.5,11,11
1054.0,11,11
1054.5,11,11
1055.0,11,11
1055.5,11,11
1056.0,11,11
1056.5,11,11
1057.0,11,11
1057.5,11,11
1058.0,11,11
1058.5,11,11
1059.0,11,11
1059.5,11,11
1060.0,11,11
1060.5,11,11
1061.0,11,11
1061.5,11,11
1062.0,11,11
1062.5,11,11
1063.0,11,11
1063.5,11,11
1064.0,11,11
1064.5,11,11
1065.0,11,11
1065.5,11,11
1066.0,11,11
1066.5,11,11
1067.0,11,11
1067.5,11,11
1068.0,11,11
1068.5,11,11
1069.0,11,11
1069.5,11,11
1070.0,11,11
1070.5,11,11
1071.0,11,11
1071.5,11,11
1072.0,11,11
1072.5,11,11
1073.0,11,11
1073.5,11,11
1074.0,11,11
1074.5,11,11
1075.0,11,11
1075.5,11,11
1076.0,11,11
1076.5,11,11
1077.0,11,11
1077.5,11,11
1078.0,11,11
1078.5,11,11
1079.0,11,11
1079.5,11,11
1080.0,11,11
1080.5,11,11
1081.0,11,11
1081.5,11,11
1082.0,11,11
1082.5,11,11
1083.0,11,11
1083.5,11,11
1084.0,11,11
1084.5,11,11
1085.0,11,11
1085.5,11,11
1086.0,11,11
1086.5,11,11
1087.0,11,11
1087.5,11,11
1088.0,11,11
1088.5,11,11
1089.0,11,11
1089.5,11,11
1090.0,11,11
1090.5,11,11
1091.0,11,11
1091.5,11,11
1092.0,11,11
1092.5,11,11
1093.0,11,11
1093.5,11,11
1094.0,11,11
1094.5,11,11
1095.0,11,11
1095.5,11,11
1096.0,11,11
1096.5,11,11
1097.0,11,11
1097.5,11,11
1098.0,11,11
1098.5,11,11
1099.0,11,11
1099.5,11,11
1100.0,11,11
1100.5,11,11
1101.0,11,11
1101.5,11,11
1102.0,11,11
1102.5,11,11
1103.0,11,11
1103.5,11,11
1104.0,11,11
1104.5,11,11
1105.0,11,11
1105.5,11,11
1106.0,11,11
1106.5,11,11
1107.0,11,11
1107.5,11,11
1108.0,11,11
1108.5,11,11
1109.0,11,11
1109.5,11,11
1110.0,11,11
1110.5,11,11
1111.0,11,11
1111.5,11,11
1112.0,11,11
1112.5,11,11
1113.0,11,11
1113.5,11,11
1114.0,11,11
1114.5,11,11
1115.0,11,11
1115.5,11,11
1116.0,11,11
1116.5,11,11
1117.0,11,11
1117.5,11,11
1118.0,11,11
1118.5,18,11
1119.0,18,11
1119.5,18,11
1120.0,18,11
1120.5,18,11
1121.0,18,18
1121.5,18,18
1122.0,18,18
1122.5,18,18
1123.0,18,18
1123.5,18,18
1124.0,18,18
1124.5,18,18
1125.0,18,18
1125.5,18,18
1126.0,18,18
1126.5,18,18
1127.0,18,18
1127.5,18,18
1128.0,18,18
1128.5,18,18
1129.0,18,18
1129.5,18,18
1130.0,18,18
1130.5,18,18
1131.0,18,18
1131.5,18,18
1132.0,3,18
1132.5,3,18
1133.0,3,18
1133.5,3,18
1134.0,3,18
1134.5,3,18
1135.0,3,18
1135.5,3,18
1136.0,3,11
1136.5,3,11
1137.0,3,11
1137.5,3,11
1138.0,3,11
1138.5,3,11
1139.0,3,11
1139.5,3,11
1140.0,3,11
1140.5,3,11
1141.0,3,11
1141.5,3,11
1142.0,3,11
1142.5,3,11
1143.0,3,11
1143.5,3,11
1144.0,3,11
1144.5,3,11
1145.0,3,11
1145.5,3,11
1146.0,3,11
1146.5,3,11
1147.0,3,11
1147.5,3,11
1148.0,3,11
1148.5,3,11
1149.0,3,11
1149.5,3,11
1150.0,3,11
1150.5,3,11
1151.0,3,11
1151.5,3,11
1152.0,3,11
1152.5,3,11
1153.0,3,11
1153.5,3,11
1154.0,3,11
1154.5,3,11
1155.0,3,11
1155.5,3,11
1156.0,3,11
1156.5,3,11
1157.0,3,11
1157.5,3,11
1158.0,3,11
1158.5,3,11
1159.0,3,11
1159.5,3,11
1160.0,3,11
1160.5,3,11
1161.0,3,11
1161.5,3,11
1162.0,3,11
1162.5,3,11
1163.0,3,11
1163.5,3,11
1164.0,3,11
1164.5,3,11
1165.0,3,11
1165.5,3,11
1166.0,3,11
1166.5,3,11
1167.0,3,11
1167.5,3,11
1168.0,3,11
1168.5,3,11
1169.0,3,11
1169.5,3,11
1170.0,3,11
1170.5,3,11
1171.0,3,11
1171.5,3,11
1172.0,3,11
1172.5,3,11
1173.0,3,11
1173.5,3,11
1174.0,3,11
1174.5,3,11
1175.0,3,11
1175.5,3,11
1176.0,3,11
1176.5,3,11
1177.0,3,11
1177.5,3,11
1178.0,3,11
1178.5,3,11
1179.0,3,11
1179.5,3,11
1180.0,3,11
1180.5,3,11
1181.0,3,11
1181.5,3,11
1182.0,3,11
1182.5,3,11
1183.0,3,11
1183.5,3,11
1184.0,3,11
1184.5,3,11
1185.0,3,11
1185.5,3,11
1186.0,3,11
1186.5,3,11
1187.0,3,11
1187.5,3,11
1188.0,3,11
1188.5,3,11
1189.0,3,11
1189.5,3,11
1190.0,3,11
1190.5,3,11
1191.0,3,11
1191.5,3,11
1192.0,3,11
1192.5,3,11
1193.0,3,11
1193.5,3,11
1194.0,3,11
1194.5,3,11
1195.0,3,11
1195.5,3,11
1196.0,3,11
1196.5,3,11
1197.0,3,11
1197.5,3,11
1198.0,3,11
1198.5,3,11
1199.0,3,11
1199.5,3,11
1200.0,3,11
1200.5,3,11
1201.0,3,11
1201.5,3,11
1202.0,3,11
1202.5,3,11
1203.0,3,11
1203.5,3,11
1204.0,3,11
1204.5,3,11
1205.0,3,11
1205.5,3,11
1206.0,3,11
1206.5,3,11
1207.0,3,11
1207.5,3,11
1208.0,3,11
1208.5,3,11
1209.0,3,11
1209.5,3,11
1210.0,3,11
1210.5,3,11
1211.0,3,11
1211.5,3,11
1212.0,3,11
1212.5,3,11
1213.0,3,11
1213.5,3,11
1214.0,3,11
1214.5,3,11
1215.0,3,11
1215.5,3,11
1216.0,3,11
1216.5,3,11
1217.0,3,11
1217.5,3,11
1218.0,3,11
1218.5,3,11
1219.0,3,11
1219.5,3,11
1220.0,3,11
1220.5,3,11
1221.0,3,11
1221.5,3,11
1222.0,3,18
1222.5,3,18
1223.0,3,18
1223.5,3,18
1224.0,3,18
1224.5,3,18
1225.0,3,18
1225.5,3,18
1226.0,3,18
1226.5,3,18
1227.0,3,18
1227.5,3,18
1228.0,3,18
1228.5,3,18
1229.0,3,18
1229.5,3,18
1230.0,3,18
1230.5,3,18
1231.0,3,18
1231.5,3,18
1232.0,3,18
1232.5,3,18
1233.0,3,18
1233.5,18,18
1234.0,18,18
1234.5,18,18
1235.0,18,18
1235.5,18,18
1236.0,18,18
1236.5,18,18
1237.0,18,18
1237.5,18,18
1238.0,18,18
1238.5,18,18
1239.0,18,18
1239.5,18,18
1240.0,18,18
1240.5,18,18
1241.0,18,18
1241.5,18,18
1242.0,18,18
1242.5,18,18
1243.0,18,18
1243.5,18,18
1244.0,18,18
1244.5,18,18
1245.0,18,18
1245.5,18,18
1246.0,18,18
1246.5,18,18
1247.0,18,18
1247.5,18,18
1248.0,18,18
1248.5,18,18
1249.0,18,18
1249.5,18,18
1250.0,18,18
1250.5,18,18
1251.0,18,18
1251.5,18,18
1252.0,18,18
1252.5,18,18
1253.0,18,18
1253.5,18,18
1254.0,4,18
1254.5,4,18
1255.0,4,15
1255.5,4,15
1256.0,4,15
1256.5,4,15
1257.0,4,15
1257.5,4,15
1258.0,4,15
1258.5,4,15
1259.0,4,15
1259.5,4,15
1260.0,4,15
1260.5,4,15
1261.0,4,15
1261.5,4,15
1262.0,4,15
1262.5,4,15
1263.0,4,15
1263.5,4,15
1264.0,4,15
1264.5,4,15
1265.0,4,15
1265.5,4,15
1266.0,4,15
1266.5,4,15
1267.0,4,15
1267.5,4,15
1268.0,4,15
1268.5,4,15
1269.0,4,15
1269.5,4,15
1270.0,4,15
1270.5,4,15
1271.0,4,15
1271.5,4,15
1272.0,4,15
1272.5,4,15
1273.0,4,15
1273.5,4,15
1274.0,4,15
1274.5,4,15
1275.0,4,15
1275.5,4,15
1276.0,4,15
1276.5,4,15
1277.0,4,15
1277.5,4,15
1278.0,4,15
1278.5,4,15
1279.0,4,15
1279.5,4,15
1280.0,4,15
1280.5,4,15
1281.0,4,15
1281.5,4,15
1282.0,4,15
1282.5,4,15
1283.0,4,15
1283.5,4,15
1284.0,4,15
1284.5,4,15
1285.0,4,15
1285.5,4,15
1286.0,4,15
1286.5,4,15
1287.0,4,15
1287.5,4,15
1288.0,4,15
1288.5,4,15
1289.0,4,15
1289.5,4,15
1290.0,4,15
1290.5,4,15
1291.0,4,15
1291.5,4,15
1292.0,4,15
1292.5,4,15
1293.0,4,15
1293.5,4,15
1294.0,4,15
1294.5,4,15
1295.0,4,15
1295.5,4,15
1296.0,4,15
1296.5,4,15
1297.0,4,15
1297.5,4,15
1298.0,4,15
1298.5,4,15
1299.0,4,15
1299.5,4,15
1300.0,4,15
1300.5,4,15
1301.0,4,15
1301.5,4,15
1302.0,4,15
1302.5,4,15
1303.0,4,15
1303.5,4,15
1304.0,4,15
1304.5,4,15
1305.0,4,15
1305.5,4,15
1306.0,4,15
1306.5,4,15
1307.0,4,15
1307.5,4,15
1308.0,4,15
1308.5,4,15
1309.0,4,15
1309.5,4,15
1310.0,4,15
1310.5,4,15
1311.0,4,15
1311.5,4,15
1312.0,4,15
1312.5,4,15
1313.0,4,15
1313.5,4,15
1314.0,4,15
1314.5,4,15
1315.0,4,15
1315.5,4,15
1316.0,4,15
1316.5,4,15
1317.0,4,15
1317.5,4,15
1318.0,4,15
1318.5,4,15
1319.0,4,15
1319.5,4,15
1320.0,4,15
1320.5,4,15
1321.0,4,15
1321.5,4,15
1322.0,4,15
1322.5,4,15
1323.0,4,15
1323.5,4,15
1324.0,4,15
1324.5,4,15
1325.0,4,15
1325.5,4,15
1326.0,4,15
1326.5,4,15
1327.0,4,15
1327.5,4,15
1328.0,4,15
1328.5,4,15
1329.0,4,15
1329.5,4,15
1330.0,4,15
1330.5,4,15
1331.0,4,15
1331.5,4,15
1332.0,4,15
1332.5,4,15
1333.0,4,15
1333.5,4,15
1334.0,4,15
1334.5,4,15
1335.0,4,15
1335.5,4,15
1336.0,4,15
1336.5,4,15
1337.0,4,15
1337.5,4,15
1338.0,4,15
1338.5,4,15
1339.0,4,15
1339.5,4,15
1340.0,4,15
1340.5,4,15
1341.0,4,15
1341.5,4,15
1342.0,4,15
1342.5,4,15
1343.0,4,15
1343.5,4,15
1344.0,4,15
1344.5,4,15
1345.0,4,15
1345.5,4,15
1346.0,4,15
1346.5,4,15
1347.0,4,15
1347.5,4,15
1348.0,4,15
1348.5,4,15
1349.0,4,15
1349.5,18,15
1350.0,18,15
1350.5,18,15
1351.0,18,15
1351.5,18,15
1352.0,18,18
1352.5,18,18
1353.0,18,18
1353.5,18,18
1354.0,18,18
1354.5,18,18
1355.0,18,18
1355.5,18,18
1356.0,18,18
1356.5,18,18
1357.0,18,18
1357.5,18,18
1358.0,18,18
1358.5,18,18
1359.0,18,18
1359.5,18,18
1360.0,18,18
1360.5,18,18
1361.0,18,18
1361.5,18,18
1362.0,18,18
1362.5,18,18
1363.0,18,18
1363.5,18,18
1364.0,15,18
1364.5,15,18
1365.0,15,18
1365.5,15,18
1366.0,18,18
1366.5,18,18
1367.0,18,18
1367.5,18,18
1368.0,18,18
1368.5,15,18
1369.0,15,18
1369.5,15,18
1370.0,15,18
1370.5,15,18
1371.0,15,18
1371.5,15,18
1372.0,15,18
1372.5,15,18
1373.0,15,15
1373.5,15,15
1374.0,15,15
1374.5,15,15
1375.0,15,15
1375.5,15,15
1376.0,15,15
1376.5,15,15
1377.0,15,15
1377.5,15,15
1378.0,15,15
1378.5,15,15
1379.0,15,15
1379.5,15,15
1380.0,15,15
1380.5,15,15
1381.0,15,15
1381.5,15,15
1382.0,15,15
1382.5,15,15
1383.0,15,15
1383.5,15,15
1384.0,15,15
1384.5,15,15
1385.0,15,15
1385.5,15,15
1386.0,15,15
1386.5,15,15
1387.0,15,15
1387.5,15,15
1388.0,15,15
1388.5,15,15
1389.0,15,15
1389.5,15,15
1390.0,15,15
1390.5,15,15
1391.0,15,15
1391.5,15,15
1392.0,15,15
1392.5,15,15
1393.0,15,15
1393.5,15,15
1394.0,15,15
1394.5,15,15
1395.0,15,15
1395.5,15,15
1396.0,15,15
1396.5,15,15
1397.0,15,15
1397.5,15,15
1398.0,15,15
1398.5,15,15
1399.0,15,15
1399.5,15,15
1400.0,15,15
1400.5,15,15
1401.0,15,15
1401.5,15,15
1402.0,15,15
1402.5,15,15
1403.0,15,15
1403.5,15,15
1404.0,15,15
1404.5,15,15
1405.0,15,15
1405.5,15,15
1406.0,15,15
1406.5,15,15
1407.0,15,15
1407.5,15,15
1408.0,15,15
1408.5,15,15
1409.0,15,15
1409.5,15,15
1410.0,15,15
1410.5,15,15
1411.0,15,15
1411.5,15,15
1412.0,15,15
1412.5,15,15
1413.0,15,15
1413.5,15,15
1414.0,15,15
1414.5,15,15
1415.0,15,15
1415.5,15,15
1416.0,15,15
1416.5,15,15
1417.0,15,15
1417.5,15,15
1418.0,15,15
1418.5,15,15
1419.0,15,15
1419.5,15,15
1420.0,15,15
1420.5,15,15
1421.0,15,15
1421.5,15,15
1422.0,15,15
1422.5,15,15
1423.0,15,15
1423.5,15,15
1424.0,15,15
1424.5,15,15
1425.0,15,15
1425.5,15,15
1426.0,15,15
1426.5,15,15
1427.0,15,15
1427.5,15,15
1428.0,15,15
1428.5,15,15
1429.0,15,15
1429.5,15,15
1430.0,15,15
1430.5,15,15
1431.0,15,15
1431.5,15,15
1432.0,15,15
1432.5,15,15
1433.0,15,15
1433.5,15,15
1434.0,15,15
1434.5,15,15
1435.0,15,15
1435.5,15,15
1436.0,15,15
1436.5,15,15
1437.0,15,15
1437.5,15,15
1438.0,15,15
1438.5,15,15
1439.0,15,15
1439.5,15,15
1440.0,15,15
1440.5,15,15
1441.0,15,15
1441.5,15,15
1442.0,15,15
1442.5,15,15
1443.0,15,15
1443.5,15,15
1444.0,15,15
1444.5,15,15
1445.0,15,15
1445.5,15,15
1446.0,15,15
1446.5,15,15
1447.0,15,15
1447.5,15,15
1448.0,15,15
1448.5,15,15
1449.0,15,15
1449.5,15,15
1450.0,15,15
1450.5,15,15
1451.0,15,15
1451.5,15,15
1452.0,15,15
1452.5,15,15
1453.0,15,15
1453.5,15,15
1454.0,15,15
1454.5,15,15
1455.0,15,15
1455.5,15,15
1456.0,15,15
1456.5,15,15
1457.0,15,15
1457.5,15,15
1458.0,15,15
1458.5,15,15
1459.0,15,15
1459.5,15,15
1460.0,18,15
1460.5,18,15
1461.0,18,15
1461.5,18,15
1462.0,18,15
1462.5,18,15
1463.0,18,15
1463.5,18,15
1464.0,18,15
1464.5,18,15
1465.0,18,15
1465.5,18,15
1466.0,18,15
1466.5,7,15
1467.0,7,15
1467.5,7,15
1468.0,7,15
1468.5,7,15
1469.0,7,15
1469.5,7,15
1470.0,7,15
1470.5,7,15
1471.0,7,15
1471.5,7,15
1472.0,7,15
1472.5,7,15
1473.0,7,15
1473.5,7,15
1474.0,7,15
1474.5,7,15
1475.0,7,15
1475.5,7,15
1476.0,7,15
1476.5,7,15
1477.0,7,15
1477.5,7,15
1478.0,7,15
1478.5,7,15
1479.0,7,15
1479.5,7,15
1480.0,7,15
1480.5,7,15
1481.0,7,15
1481.5,7,15
1482.0,7,15
1482.5,7,15
1483.0,7,15
1483.5,7,15
1484.0,7,15
1484.5,7,15
1485.0,7,15
1485.5,7,15
1486.0,7,15
1486.5,7,15
1487.0,7,15
1487.5,7,15
1488.0,7,15
1488.5,7,15
1489.0,7,15
1489.5,7,15
1490.0,7,15
1490.5,7,15
1491.0,7,15
1491.5,7,15
1492.0,7,15
1492.5,7,15
1493.0,7,15
1493.5,7,15
1494.0,7,15
1494.5,7,15
1495.0,7,15
1495.5,7,15
1496.0,7,15
1496.5,7,15
1497.0,7,15
1497.5,7,15
1498.0,7,15
1498.5,7,15
1499.0,7,15
1499.5,7,15
1500.0,7,15
1500.5,7,15
1501.0,7,15
1501.5,7,15
1502.0,7,15
1502.5,7,15
1503.0,7,15
1503.5,7,15
1504.0,7,15
1504.5,7,15
1505.0,7,15
1505.5,7,15
1506.0,7,15
1506.5,7,15
1507.0,7,15
1507.5,7,15
1508.0,7,15
1508.5,7,15
1509.0,7,15
1509.5,7,15
1510.0,7,15
1510.5,7,15
1511.0,7,15
1511.5,7,15
1512.0,7,15
1512.5,7,15
1513.0,7,15
1513.5,7,15
1514.0,7,15
1514.5,7,15
1515.0,7,15
1515.5,7,16
1516.0,7,16
1516.5,7,16
1517.0,7,16
1517.5,7,16
1518.0,7,16
1518.5,7,16
1519.0,7,16
1519.5,7,16
1520.0,7,16
1520.5,7,16
1521.0,7,16
1521.5,7,16
1522.0,7,16
1522.5,7,16
1523.0,7,16
1523.5,7,16
1524.0,7,16
1524.5,7,16
1525.0,7,16
1525.5,7,16
1526.0,7,16
1526.5,7,16
1527.0,7,16
1527.5,7,16
1528.0,7,16
1528.5,7,16
1529.0,7,16
1529.5,7,16
1530.0,7,16
1530.5,7,16
1531.0,7,16
1531.5,7,16
1532.0,7,16
1532.5,7,16
1533.0,7,16
1533.5,7,16
1534.0,7,16
1534.5,7,16
1535.0,7,16
1535.5,7,16
1536.0,7,16
1536.5,7,16
1537.0,7,16
1537.5,7,16
1538.0,7,16
1538.5,7,16
1539.0,7,16
1539.5,7,16
1540.0,7,16
1540.5,7,16
1541.0,7,16
1541.5,7,16
1542.0,7,16
1542.5,7,16
1543.0,7,16
1543.5,7,16
1544.0,7,16
1544.5,7,16
1545.0,7,16
1545.5,7,16
1546.0,7,16
1546.5,7,16
1547.0,7,16
1547.5,7,16
1548.0,7,16
1548.5,7,16
1549.0,7,16
1549.5,7,16
1550.0,7,16
1550.5,7,16
1551.0,7,16
1551.5,7,16
1552.0,7,16
1552.5,7,16
1553.0,7,16
1553.5,7,16
1554.0,7,16
1554.5,7,16
1555.0,7,16
1555.5,7,16
1556.0,7,16
1556.5,7,16
1557.0,7,16
1557.5,7,16
1558.0,7,18
1558.5,7,18
1559.0,7,18
1559.5,18,18
1560.0,18,18
1560.5,18,18
1561.0,18,18
1561.5,18,18
1562.0,18,18
1562.5,18,18
1563.0,18,18
1563.5,18,18
1564.0,18,18
1564.5,18,18
1565.0,18,18
1565.5,18,18
1566.0,18,18
1566.5,18,18
1567.0,18,18
1567.5,18,18
1568.0,18,18
1568.5,18,18
1569.0,18,18
1569.5,18,18
1570.0,18,18
1570.5,18,18
1571.0,18,18
1571.5,18,18
1572.0,18,18
1572.5,18,18
1573.0,18,18
1573.5,18,18
1574.0,18,18
1574.5,18,18
1575.0,18,18
1575.5,18,18
1576.0,18,18
1576.5,18,18
1577.0,18,18
1577.5,18,18
1578.0,18,18
1578.5,18,18
1579.0,18,18
1579.5,18,18
1580.0,18,18
1580.5,18,18
1581.0,18,18
1581.5,18,18
1582.0,18,18
1582.5,18,18
1583.0,18,18
1583.5,18,18
1584.0,18,18
1584.5,18,18
1585.0,18,18
1585.5,18,18
1586.0,18,18
1586.5,18,18
1587.0,18,18
1587.5,18,18
1588.0,18,18
1588.5,18,18
1589.0,18,18
1589.5,18,18
1590.0,18,18
1590.5,18,18
1591.0,18,18
1591.5,18,18
1592.0,18,18
1592.5,18,18
1593.0,18,18
1593.5,18,18
1594.0,18,18
1594.5,18,18
1595.0,14,18
1595.5,14,18
1596.0,14,18
1596.5,14,18
1597.0,14,18
1597.5,14,18
1598.0,14,14
1598.5,14,14
1599.0,14,14
1599.5,14,14
1600.0,14,14
1600.5,14,14
1601.0,14,14
1601.5,14,14
1602.0,14,14
1602.5,14,14
1603.0,14,14
1603.5,14,14
1604.0,14,14
1604.5,14,14
1605.0,14,14
1605.5,14,14
1606.0,14,10
1606.5,14,11
1607.0,14,11
1607.5,14,11
1608.0,14,11
1608.5,14,11
1609.0,14,11
1609.5,14,11
1610.0,14,11
1610.5,14,11
1611.0,14,11
1611.5,14,11
1612.0,14,11
1612.5,14,11
1613.0,14,11
1613.5,14,11
1614.0,14,11
1614.5,14,11
1615.0,14,11
1615.5,14,11
1616.0,14,11
1616.5,14,11
1617.0,14,11
1617.5,14,11
1618.0,14,11
1618.5,14,11
1619.0,14,11
1619.5,14,11
1620.0,14,11
1620.5,14,11
1621.0,14,11
1621.5,14,11
1622.0,14,11
1622.5,14,11
1623.0,14,11
1623.5,14,11
1624.0,14,11
1624.5,14,11
1625.0,14,11
1625.5,14,11
1626.0,14,11
1626.5,14,11
1627.0,14,11
1627.5,14,11
1628.0,14,11
1628.5,14,11
1629.0,14,11
1629.5,14,11
1630.0,14,11
1630.5,14,11
1631.0,14,11
1631.5,14,11
1632.0,14,11
1632.5,14,11
1633.0,14,11
1633.5,14,11
1634.0,14,11
1634.5,14,11
1635.0,14,11
1635.5,14,11
1636.0,14,11
1636.5,14,11
1637.0,14,11
1637.5,14,11
1638.0,14,11
1638.5,14,11
1639.0,14,11
1639.5,14,11
1640.0,14,11
1640.5,14,11
1641.0,14,11
1641.5,14,11
1642.0,14,11
1642.5,14,11
1643.0,14,11
1643.5,14,11
1644.0,14,11
1644.5,14,11
1645.0,14,11
1645.5,14,11
1646.0,14,11
1646.5,14,11
1647.0,14,11
1647.5,14,11
1648.0,14,11
1648.5,14,11
1649.0,14,11
1649.5,14,11
1650.0,14,11
1650.5,14,11
1651.0,14,11
1651.5,14,11
1652.0,14,11
1652.5,14,11
1653.0,14,11
1653.5,14,11
1654.0,14,11
1654.5,14,11
1655.0,14,11
1655.5,14,11
1656.0,14,11
1656.5,14,11
1657.0,14,11
1657.5,14,11
1658.0,14,11
1658.5,14,11
1659.0,14,11
1659.5,14,11
1660.0,14,11
1660.5,14,11
1661.0,14,11
1661.5,14,11
1662.0,14,11
1662.5,14,11
1663.0,14,11
1663.5,14,11
1664.0,14,11
1664.5,14,11
1665.0,14,11
1665.5,14,11
1666.0,14,11
1666.5,14,11
1667.0,14,11
1667.5,14,11
1668.0,14,11
1668.5,14,11
1669.0,14,11
1669.5,14,11
1670.0,14,11
1670.5,14,11
1671.0,14,11
1671.5,14,11
1672.0,14,11
1672.5,14,11
1673.0,14,11
1673.5,14,11
1674.0,14,11
1674.5,14,11
1675.0,14,11
1675.5,14,11
1676.0,14,11
1676.5,14,11
1677.0,14,11
1677.5,14,11
1678.0,14,11
1678.5,14,11
1679.0,14,11
1679.5,14,11
1680.0,14,11
1680.5,14,11
1681.0,14,11
1681.5,14,11
1682.0,14,11
1682.5,14,11
1683.0,14,11
1683.5,14,11
1684.0,14,11
1684.5,14,11
1685.0,14,11
1685.5,14,11
1686.0,14,18
1686.5,14,18
1687.0,18,18
1687.5,18,18
1688.0,18,18
1688.5,18,18
1689.0,18,18
1689.5,18,18
1690.0,18,18
1690.5,18,18
1691.0,18,18
1691.5,18,18
1692.0,18,18
1692.5,18,18
1693.0,18,18
1693.5,18,18
1694.0,18,18
1694.5,18,18
1695.0,18,18
1695.5,18,18
1696.0,18,18
1696.5,18,18
1697.0,18,18
1697.5,18,18
1698.0,18,18
1698.5,18,18
1699.0,18,18
1699.5,18,18
1700.0,18,18
1700.5,18,18
1701.0,18,18
1701.5,18,18
1702.0,18,18
1702.5,18,18
1703.0,18,18
1703.5,18,18
1704.0,18,18
1704.5,18,18
1705.0,18,18
1705.5,18,18
1706.0,18,18
1706.5,18,18
1707.0,18,18
1707.5,18,18
1708.0,18,18
1708.5,18,18
1709.0,18,18
1709.5,18,18
1710.0,18,18
1710.5,18,18
1711.0,18,18
1711.5,8,18
1712.0,8,18
1712.5,8,18
1713.0,8,18
1713.5,8,18
1714.0,8,18
1714.5,8,18
1715.0,8,18
1715.5,8,18
1716.0,8,18
1716.5,8,18
1717.0,8,18
1717.5,8,18
1718.0,8,18
1718.5,8,18
1719.0,8,18
1719.5,8,18
1720.0,8,18
1720.5,8,18
1721.0,8,18
1721.5,8,18
1722.0,8,18
1722.5,8,18
1723.0,8,18
1723.5,8,18
1724.0,8,18
1724.5,8,18
1725.0,8,18
1725.5,8,18
1726.0,8,18
1726.5,8,18
1727.0,8,18
1727.5,8,18
1728.0,8,18
1728.5,8,18
1729.0,8,18
1729.5,8,18
1730.0,8,18
1730.5,8,18
1731.0,8,18
1731.5,8,18
1732.0,8,18
1732.5,8,18
1733.0,8,18
1733.5,8,18
1734.0,8,18
1734.5,8,18
1735.0,8,18
1735.5,8,18
1736.0,8,18
1736.5,8,18
1737.0,8,18
1737.5,8,18
1738.0,8,18
1738.5,8,18
1739.0,8,8
1739.5,8,8
1740.0,8,8
1740.5,8,8
1741.0,8,8
1741.5,8,8
1742.0,8,8
1742.5,8,8
1743.0,8,8
1743.5,8,8
1744.0,8,8
1744.5,8,8
1745.0,8,8
1745.5,8,8
1746.0,8,8
1746.5,8,8
1747.0,8,8
1747.5,8,8
1748.0,8,8
1748.5,8,8
1749.0,8,8
1749.5,8,8
1750.0,8,8
1750.5,8,8
1751.0,8,8
1751.5,8,8
1752.0,8,8
1752.5,8,8
1753.0,8,8
1753.5,8,8
1754.0,8,8
1754.5,8,8
1755.0,8,8
1755.5,8,8
1756.0,8,8
1756.5,8,18
1757.0,8,18
1757.5,8,18
1758.0,8,18
1758.5,8,18
1759.0,8,18
1759.5,8,18
1760.0,8,18
1760.5,8,18
1761.0,8,18
1761.5,8,18
1762.0,8,18
1762.5,8,18
1763.0,8,18
1763.5,8,18
1764.0,8,18
1764.5,8,18
1765.0,8,18
1765.5,8,18
1766.0,8,18
1766.5,8,18
1767.0,8,18
1767.5,8,18
1768.0,8,18
1768.5,8,18
1769.0,8,18
1769.5,8,18
1770.0,8,18
1770.5,8,18
1771.0,8,18
1771.5,8,18
1772.0,8,18
1772.5,8,18
1773.0,8,18
1773.5,8,18
1774.0,8,18
1774.5,8,18
1775.0,8,18
1775.5,8,18
1776.0,8,18
1776.5,8,18
1777.0,8,18
1777.5,8,18
1778.0,8,18
1778.5,8,18
1779.0,8,18
1779.5,8,18
1780.0,8,18
1780.5,8,18
1781.0,8,18
1781.5,8,18
1782.0,8,18
1782.5,8,18
1783.0,8,18
1783.5,8,18
1784.0,8,18
1784.5,8,18
1785.0,8,18
1785.5,8,18
1786.0,8,18
1786.5,8,18
1787.0,8,18
1787.5,8,18
1788.0,8,18
1788.5,8,18
1789.0,8,18
1789.5,8,18
1790.0,8,18
1790.5,8,18
1791.0,8,18
1791.5,8,18
1792.0,8,18
1792.5,8,18
1793.0,8,18
1793.5,8,18
1794.0,8,18
1794.5,8,18
1795.0,8,18
1795.5,8,18
1796.0,8,18
1796.5,8,18
1797.0,8,18
1797.5,8,18
1798.0,8,18
1798.5,8,18
1799.0,8,18
1799.5,8,18
1800.0,8,18
1800.5,8,18
1801.0,8,18
1801.5,8,18
1802.0,8,18
1802.5,8,18
1803.0,8,18
1803.5,8,18
1804.0,8,18
1804.5,8,18
1805.0,8,18
1805.5,8,18
1806.0,8,18
1806.5,8,18
1807.0,8,18
1807.5,8,18
1808.0,18,18
1808.5,18,18
1809.0,18,18
1809.5,18,18
1810.0,18,18
1810.5,18,18
1811.0,18,18
1811.5,18,18
1812.0,18,18
1812.5,18,18
1813.0,18,18
1813.5,18,18
1814.0,18,18
1814.5,18,18
1815.0,18,18
1815.5,18,18
1816.0,18,18
1816.5,18,18
1817.0,18,18
1817.5,18,18
1818.0,18,18
1818.5,18,18
1819.0,18,18
1819.5,18,18
1820.0,18,18
1820.5,18,18
1821.0,18,18
1821.5,18,18
1822.0,18,18
1822.5,18,18
1823.0,18,18
1823.5,18,18
1824.0,18,18
1824.5,18,18
1825.0,18,18
1825.5,18,18
1826.0,18,18
1826.5,18,18
1827.0,18,18
1827.5,18,18
1828.0,18,18
1828.5,18,18
1829.0,18,18
1829.5,9,18
1830.0,9,18
1830.5,9,18
1831.0,9,18
1831.5,9,18
1832.0,9,18
1832.5,9,18
1833.0,9,18
1833.5,9,18
1834.0,9,18
1834.5,9,18
1835.0,9,18
1835.5,9,18
1836.0,9,18
1836.5,9,18
1837.0,9,18
1837.5,9,18
1838.0,9,18
1838.5,9,18
1839.0,9,18
1839.5,9,18
1840.0,9,18
1840.5,9,18
1841.0,9,18
1841.5,9,18
1842.0,9,18
1842.5,9,18
1843.0,9,18
1843.5,9,18
1844.0,9,18
1844.5,9,18
1845.0,9,18
1845.5,9,18
1846.0,9,18
1846.5,9,18
1847.0,9,18
1847.5,9,18
1848.0,9,18
1848.5,9,18
1849.0,9,18
1849.5,9,18
1850.0,9,18
1850.5,9,18
1851.0,9,18
1851.5,9,18
1852.0,9,18
1852.5,9,18
1853.0,9,18
1853.5,9,18
1854.0,9,18
1854.5,9,18
1855.0,9,18
1855.5,9,18
1856.0,9,18
1856.5,9,18
1857.0,9,18
1857.5,9,18
1858.0,9,18
1858.5,9,18
1859.0,9,18
1859.5,9,18
1860.0,9,18
1860.5,9,18
1861.0,9,18
1861.5,9,18
1862.0,9,18
1862.5,9,18
1863.0,9,18
1863.5,9,18
1864.0,9,18
1864.5,9,18
1865.0,9,18
1865.5,9,18
1866.0,9,18
1866.5,9,18
1867.0,9,18
1867.5,9,18
1868.0,9,18
1868.5,9,18
1869.0,9,18
1869.5,9,18
1870.0,9,18
1870.5,9,18
1871.0,9,18
1871.5,9,18
1872.0,9,18
1872.5,9,18
1873.0,9,18
1873.5,9,18
1874.0,9,18
1874.5,9,18
1875.0,9,18
1875.5,9,18
1876.0,9,18
1876.5,9,18
1877.0,9,18
1877.5,9,18
1878.0,9,18
1878.5,9,18
1879.0,9,18
1879.5,9,18
1880.0,9,18
1880.5,9,18
1881.0,9,18
1881.5,9,18
1882.0,9,18
1882.5,9,18
1883.0,9,18
1883.5,9,18
1884.0,9,18
1884.5,9,18
1885.0,9,18
1885.5,9,18
1886.0,9,18
1886.5,9,18
1887.0,9,18
1887.5,9,18
1888.0,9,18
1888.5,9,18
1889.0,9,18
1889.5,9,18
1890.0,9,18
1890.5,9,18
1891.0,9,18
1891.5,9,18
1892.0,9,18
1892.5,9,18
1893.0,9,18
1893.5,9,18
1894.0,9,18
1894.5,9,18
1895.0,9,18
1895.5,9,18
1896.0,9,18
1896.5,9,18
1897.0,9,18
1897.5,9,18
1898.0,9,18
1898.5,9,18
1899.0,9,18
1899.5,9,18
1900.0,9,18
1900.5,9,18
1901.0,9,18
1901.5,9,18
1902.0,9,18
1902.5,9,18
1903.0,9,18
1903.5,9,18
1904.0,9,18
1904.5,9,18
1905.0,9,18
1905.5,9,18
1906.0,9,18
1906.5,9,18
1907.0,9,18
1907.5,9,18
1908.0,9,18
1908.5,9,18
1909.0,9,18
1909.5,9,18
1910.0,9,18
1910.5,9,18
1911.0,9,18
1911.5,9,18
1912.0,9,18
1912.5,9,18
1913.0,9,18
1913.5,9,18
1914.0,9,18
1914.5,9,18
1915.0,9,18
1915.5,9,18
1916.0,9,18
1916.5,9,18
1917.0,9,18
1917.5,9,18
1918.0,9,18
1918.5,9,18
1919.0,9,18
1919.5,9,18
1920.0,9,18
1920.5,9,18
1921.0,9,18
1921.5,9,18
1922.0,18,18
1922.5,18,18
1923.0,18,18
1923.5,18,18
1924.0,18,18
1924.5,18,18
1925.0,18,18
1925.5,18,18
1926.0,18,18
1926.5,18,18
1927.0,18,18
1927.5,18,18
1928.0,18,18
1928.5,18,18
1929.0,18,18
1929.5,18,18
1930.0,18,16
1930.5,18,16
1931.0,18,16
1931.5,18,16
1932.0,18,16
1932.5,18,16
1933.0,18,16
1933.5,18,16
1934.0,18,16
1934.5,18,16
1935.0,18,16
1935.5,18,16
1936.0,18,16
1936.5,18,16
1937.0,18,16
1937.5,18,16
1938.0,18,16
1938.5,18,16
1939.0,16,16
1939.5,16,16
1940.0,16,16
1940.5,16,16
1941.0,16,16
1941.5,16,16
1942.0,16,16
1942.5,16,16
1943.0,16,16
1943.5,16,16
1944.0,16,16
1944.5,16,16
1945.0,16,16
1945.5,16,16
1946.0,16,16
1946.5,16,16
1947.0,16,16
1947.5,16,16
1948.0,16,16
1948.5,16,16
1949.0,16,16
1949.5,16,16
1950.0,16,16
1950.5,16,16
1951.0,16,16
1951.5,16,16
1952.0,16,16
1952.5,16,16
1953.0,16,16
1953.5,16,16
1954.0,16,16
1954.5,16,16
1955.0,16,16
1955.5,16,16
1956.0,16,16
1956.5,16,16
1957.0,16,16
1957.5,16,16
1958.0,16,16
1958.5,16,16
1959.0,16,16
1959.5,16,16
1960.0,16,16
1960.5,16,16
1961.0,16,16
1961.5,16,16
1962.0,16,16
1962.5,16,16
1963.0,16,16
1963.5,16,16
1964.0,16,16
1964.5,16,16
1965.0,16,16
1965.5,16,16
1966.0,16,16
1966.5,16,16
1967.0,16,16
1967.5,16,16
1968.0,16,16
1968.5,16,16
1969.0,16,16
1969.5,16,16
1970.0,16,16
1970.5,16,16
1971.0,16,16
1971.5,16,16
1972.0,16,16
1972.5,16,16
1973.0,16,16
1973.5,16,16
1974.0,16,16
1974.5,16,16
1975.0,16,16
1975.5,16,16
1976.0,16,16
1976.5,16,16
1977.0,16,16
1977.5,16,16
1978.0,16,16
1978.5,16,16
1979.0,16,16
1979.5,16,16
1980.0,16,16
1980.5,16,16
1981.0,16,16
1981.5,16,16
1982.0,16,16
1982.5,16,16
1983.0,16,16
1983.5,16,16
1984.0,16,16
1984.5,16,16
1985.0,16,16
1985.5,16,16
1986.0,16,16
1986.5,16,16
1987.0,16,16
1987.5,16,16
1988.0,16,16
1988.5,16,16
1989.0,16,16
1989.5,16,16
1990.0,16,16
1990.5,16,16
1991.0,16,16
1991.5,16,16
1992.0,16,16
1992.5,16,16
1993.0,16,16
1993.5,16,16
1994.0,16,16
1994.5,16,16
1995.0,16,16
1995.5,16,16
1996.0,16,16
1996.5,16,16
1997.0,16,16
1997.5,16,16
1998.0,16,16
1998.5,16,16
1999.0,16,16
1999.5,16,16
2000.0,16,16
2000.5,16,16
2001.0,16,16
2001.5,16,16
2002.0,16,16
2002.5,16,16
2003.0,16,16
2003.5,16,16
2004.0,16,16
2004.5,16,16
2005.0,16,16
2005.5,16,16
2006.0,16,16
2006.5,16,16
2007.0,16,16
2007.5,16,16
2008.0,16,16
2008.5,16,16
2009.0,16,16
2009.5,16,16
2010.0,16,16
2010.5,16,16
2011.0,16,16
2011.5,16,16
2012.0,16,16
2012.5,16,16
2013.0,16,16
2013.5,16,16
2014.0,16,16
2014.5,16,16
2015.0,16,16
2015.5,16,16
2016.0,16,16
2016.5,16,16
2017.0,16,16
2017.5,16,16
2018.0,16,16
2018.5,16,16
2019.0,16,16
2019.5,16,16
2020.0,16,16
2020.5,16,16
2021.0,16,16
2021.5,16,16
2022.0,16,16
2022.5,16,16
2023.0,16,16
2023.5,16,16
2024.0,16,16
2024.5,16,16
2025.0,16,16
2025.5,16,16
2026.0,16,16
2026.5,16,16
2027.0,16,16
2027.5,16,16
2028.0,16,16
2028.5,16,16
2029.0,16,16
2029.5,16,16
2030.0,16,16
2030.5,16,16
2031.0,16,16
2031.5,16,16
2032.0,16,16
2032.5,16,16
2033.0,16,16
2033.5,16,16
2034.0,16,16
2034.5,16,16
2035.0,16,16
2035.5,16,16
2036.0,16,16
2036.5,16,16
2037.0,16,16
2037.5,16,16
2038.0,16,16
2038.5,16,16
2039.0,16,16
2039.5,16,16
2040.0,16,16
2040.5,16,16
2041.0,16,16
2041.5,16,16
2042.0,16,16
2042.5,16,16
2043.0,16,16
2043.5,16,16
2044.0,16,16
2044.5,16,16
2045.0,16,16
2045.5,16,16
2046.0,16,16
2046.5,16,16
2047.0,16,16
2047.5,18,16
2048.0,18,16
2048.5,18,16
2049.0,18,16
2049.5,18,16
2050.0,18,18
2050.5,18,18
2051.0,18,18
2051.5,18,18
2052.0,18,18
2052.5,18,18
2053.0,18,18
2053.5,18,18
2054.0,18,18
2054.5,18,18
2055.0,18,18
2055.5,18,18
2056.0,18,18
2056.5,18,18
2057.0,18,18
2057.5,18,18
2058.0,18,18
2058.5,18,18
2059.0,18,18
2059.5,18,18
2060.0,18,18
2060.5,18,18
2061.0,18,18
2061.5,18,18
2062.0,18,18
2062.5,18,18
2063.0,18,18
2063.5,18,18
2064.0,18,18
2064.5,18,18
2065.0,18,18
2065.5,18,18
2066.0,18,18
2066.5,18,18
2067.0,18,18
2067.5,18,18
2068.0,17,18
2068.5,17,18
2069.0,17,18
2069.5,17,18
2070.0,17,18
2070.5,17,18
2071.0,17,18
2071.5,17,18
2072.0,17,18
2072.5,17,18
2073.0,17,18
2073.5,17,18
2074.0,17,18
2074.5,17,18
2075.0,17,18
2075.5,17,18
2076.0,17,18
2076.5,17,18
2077.0,17,18
2077.5,17,18
2078.0,17,18
2078.5,17,18
2079.0,17,18
2079.5,17,18
2080.0,17,18
2080.5,17,18
2081.0,17,18
2081.5,17,18
2082.0,17,18
2082.5,17,18
2083.0,17,18
2083.5,17,18
2084.0,17,18
2084.5,17,18
2085.0,17,18
2085.5,17,18
2086.0,17,18
2086.5,17,18
2087.0,17,18
2087.5,17,18
2088.0,17,18
2088.5,17,18
2089.0,17,18
2089.5,17,18
2090.0,17,18
2090.5,17,18
2091.0,17,18
2091.5,17,18
2092.0,17,18
2092.5,17,18
2093.0,17,18
2093.5,17,18
2094.0,17,18
2094.5,17,18
2095.0,17,18
2095.5,17,18
2096.0,17,18
2096.5,17,18
2097.0,17,18
2097.5,17,18
2098.0,17,18
2098.5,17,18
2099.0,17,18
2099.5,17,18
2100.0,17,18
2100.5,17,18
2101.0,17,18
2101.5,17,18
2102.0,17,18
2102.5,17,18
2103.0,17,18
2103.5,17,18
2104.0,17,18
2104.5,17,18
2105.0,17,18
2105.5,17,18
2106.0,17,18
2106.5,17,18
2107.0,17,18
2107.5,17,18
2108.0,17,18
2108.5,17,18
2109.0,17,18
2109.5,17,18
2110.0,17,18
2110.5,17,18
2111.0,17,18
2111.5,17,18
2112.0,17,18
2112.5,17,18
2113.0,17,18
2113.5,17,18
2114.0,17,18
2114.5,17,18
2115.0,17,18
2115.5,17,18
2116.0,17,18
2116.5,17,18
2117.0,17,18
2117.5,17,18
2118.0,17,18
2118.5,17,18
2119.0,17,18
2119.5,17,18
2120.0,17,18
2120.5,17,18
2121.0,17,18
2121.5,17,18
2122.0,17,18
2122.5,17,18
2123.0,17,18
2123.5,17,18
2124.0,17,18
2124.5,17,18
2125.0,17,18
2125.5,17,18
2126.0,17,18
2126.5,17,18
2127.0,17,18
2127.5,17,18
2128.0,17,18
2128.5,17,18
2129.0,17,18
2129.5,17,18
2130.0,17,18
2130.5,17,18
2131.0,17,18
2131.5,17,18
2132.0,17,18
2132.5,17,18
2133.0,17,18
2133.5,17,18
2134.0,17,18
2134.5,17,18
2135.0,17,18
2135.5,17,18
2136.0,17,18
2136.5,17,18
2137.0,17,18
2137.5,17,18
2138.0,17,18
2138.5,17,18
2139.0,17,18
2139.5,17,18
2140.0,17,18
2140.5,17,18
2141.0,17,18
2141.5,17,18
2142.0,17,18
2142.5,17,18
2143.0,17,18
2143.5,17,18
2144.0,17,18
2144.5,17,18
2145.0,17,18
2145.5,17,18
2146.0,17,18
2146.5,17,18
2147.0,17,18
2147.5,17,18
2148.0,17,18
2148.5,17,18
2149.0,17,18
2149.5,17,18
2150.0,17,18
2150.5,17,18
2151.0,17,18
2151.5,17,18
2152.0,17,18
2152.5,17,18
2153.0,17,18
2153.5,17,18
2154.0,17,18
2154.5,17,18
2155.0,17,18
2155.5,17,18
2156.0,17,18
2156.5,17,18
2157.0,17,18
2157.5,17,18
2158.0,17,18
2158.5,17,18
2159.0,17,18
2159.5,17,18
2160.0,18,18
2160.5,18,18
2161.0,18,18
2161.5,18,18
2162.0,18,18
2162.5,18,18
2163.0,18,18
2163.5,18,18
2164.0,18,18
2164.5,18,18
