method,tiou,map
VIDEO_ONLY,0.3,0.6581626035715541
VIDEO_ONLY,0.4,0.6370394080656426
VIDEO_ONLY,0.5,0.6056550916504619
VIDEO_ONLY,0.6,0.5810863447823325
VIDEO_ONLY,0.7,0.5483217128664659
EARLY_CONCAT,0.3,0.7266545822718662
EARLY_CONCAT,0.4,0.7119003527336861
EARLY_CONCAT,0.5,0.6811406688875824
EARLY_CONCAT,0.6,0.6491929583904891
EARLY_CONCAT,0.7,0.6189248154680252
FIXED_WINDOW_ATTENTION,0.3,0.7383054902345026
FIXED_WINDOW_ATTENTION,0.4,0.720764337971128
FIXED_WINDOW_ATTENTION,0.5,0.6880225684238029
FIXED_WINDOW_ATTENTION,0.6,0.6636190312887843
FIXED_WINDOW_ATTENTION,0.7,0.6290886896596772
FINAL_MODEL,0.3,0.7654568857721413
FINAL_MODEL,0.4,0.7468597778617619
FINAL_MODEL,0.5,0.7153811541763483
FINAL_MODEL,0.6,0.6885920863544319
FINAL_MODEL,0.7,0.6577191113070743
