method,fold,subject,macro_f1_19,map_at_0.5,avg_map
EARLY_CONCAT,1,sbj_0,0.6309472715471417,0.6064814814814815,0.5756172839506172
EARLY_CONCAT,2,sbj_1,0.778941234975656,0.712037037037037,0.7330246913580248
EARLY_CONCAT,3,sbj_2,0.4906336232099511,0.44341563786008226,0.4564609053497943
EARLY_CONCAT,4,sbj_3,0.5158728313542019,0.48935920047031156,0.48615079365079367
EARLY_CONCAT,5,sbj_4,0.7189593069505138,0.6965020576131687,0.6971707818930041
EARLY_CONCAT,6,sbj_5,0.409267255881333,0.39246913580246917,0.39319753086419756
EARLY_CONCAT,7,sbj_6,0.7438909491860124,0.6743827160493828,0.6969135802469136
EARLY_CONCAT,8,sbj_7,0.7431421421496539,0.6759259259259259,0.6901851851851851
EARLY_CONCAT,9,sbj_8,0.8581837141410915,0.8271604938271605,0.8308641975308642
EARLY_CONCAT,10,sbj_9,0.16053370305912665,0.1527777777777778,0.13796296296296298
EARLY_CONCAT,11,sbj_10,0.5046164563167203,0.5148148148148148,0.508395061728395
EARLY_CONCAT,12,sbj_11,0.9202918638430163,0.9197530864197531,0.9148148148148149
EARLY_CONCAT,13,sbj_12,0.8468811591832953,0.7691358024691358,0.7546913580246913
EARLY_CONCAT,14,sbj_13,0.8835821165110861,0.839506172839506,0.8217078189300411
EARLY_CONCAT,15,sbj_14,0.8276395147616986,0.8852880658436214,0.8718106995884773
EARLY_CONCAT,16,sbj_15,0.8425997315253649,0.8333333333333334,0.8074074074074075
EARLY_CONCAT,17,sbj_16,0.9280588071312142,0.9362139917695473,0.9228395061728394
EARLY_CONCAT,18,sbj_17,0.8828970913576651,0.8919753086419752,0.8969135802469136
FINAL_MODEL,1,sbj_0,0.5990193372916083,0.5167695473251029,0.537448559670782
FINAL_MODEL,2,sbj_1,0.8502707640568099,0.7885802469135802,0.7839506172839507
FINAL_MODEL,3,sbj_2,0.5192105466950943,0.4895833333333333,0.4929012345679012
FINAL_MODEL,4,sbj_3,0.5754359165176409,0.5371525153271185,0.516564730830604
FINAL_MODEL,5,sbj_4,0.7383533129679666,0.7412551440329218,0.7246913580246913
FINAL_MODEL,6,sbj_5,0.6279271377163155,0.5478395061728395,0.562037037037037
FINAL_MODEL,7,sbj_6,0.8537669565929226,0.7615740740740741,0.7828703703703704
FINAL_MODEL,8,sbj_7,0.7611948162736301,0.7546296296296297,0.7520576131687243
FINAL_MODEL,9,sbj_8,0.8582108265381745,0.875,0.8666666666666667
FINAL_MODEL,10,sbj_9,0.2735498348949987,0.2391975308641975,0.23981481481481481
FINAL_MODEL,11,sbj_10,0.5169504359852942,0.4845679012345679,0.5048353909465021
FINAL_MODEL,12,sbj_11,0.9337287670801295,0.95679012345679,0.9456790123456792
FINAL_MODEL,13,sbj_12,0.9178247364238549,0.7932098765432097,0.8006172839506172
FINAL_MODEL,14,sbj_13,0.904018262597603,0.8308348030570253,0.8226043503821282
FINAL_MODEL,15,sbj_14,0.8991175710617766,0.9348765432098766,0.9325617283950617
FINAL_MODEL,16,sbj_15,0.8295187584285127,0.808641975308642,0.7901234567901234
FINAL_MODEL,17,sbj_16,0.91769188685159,0.941358024691358,0.926543209876543
FINAL_MODEL,18,sbj_17,0.9244087888826104,0.875,0.8844650205761316
FIXED_WINDOW_ATTENTION,1,sbj_0,0.6494794425212452,0.5717592592592592,0.5730864197530864
FIXED_WINDOW_ATTENTION,2,sbj_1,0.7650628188991243,0.7037037037037037,0.6921810699588478
FIXED_WINDOW_ATTENTION,3,sbj_2,0.44531385813493946,0.4256172839506173,0.4271604938271604
FIXED_WINDOW_ATTENTION,4,sbj_3,0.6261373769605884,0.5932025279247501,0.5830232216343327
FIXED_WINDOW_ATTENTION,5,sbj_4,0.7391994101829794,0.6877572016460904,0.7052674897119341
FIXED_WINDOW_ATTENTION,6,sbj_5,0.48236845223892244,0.4817901234567901,0.4664197530864198
FIXED_WINDOW_ATTENTION,7,sbj_6,0.7243628260825002,0.6712962962962963,0.6731481481481482
FIXED_WINDOW_ATTENTION,8,sbj_7,0.7995775235860839,0.7901234567901234,0.7723251028806585
FIXED_WINDOW_ATTENTION,9,sbj_8,0.8129926836478516,0.7206790123456791,0.7376543209876544
FIXED_WINDOW_ATTENTION,10,sbj_9,0.18772081288711026,0.1574074074074074,0.1574074074074074
FIXED_WINDOW_ATTENTION,11,sbj_10,0.5014281792938776,0.5054526748971193,0.515216049382716
FIXED_WINDOW_ATTENTION,12,sbj_11,0.9271404453599663,0.9259259259259259,0.9333333333333332
FIXED_WINDOW_ATTENTION,13,sbj_12,0.8805307217587428,0.7901234567901234,0.789753086419753
FIXED_WINDOW_ATTENTION,14,sbj_13,0.9297344740372866,0.8333333333333334,0.8343621399176954
FIXED_WINDOW_ATTENTION,15,sbj_14,0.9195481074821696,0.9753086419753085,0.9680041152263374
FIXED_WINDOW_ATTENTION,16,sbj_15,0.8502226692370586,0.8209876543209876,0.8098765432098766
FIXED_WINDOW_ATTENTION,17,sbj_16,0.9111026307343653,0.8950617283950617,0.8876543209876543
FIXED_WINDOW_ATTENTION,18,sbj_17,0.8906867177571308,0.8348765432098766,0.8574074074074075
VIDEO_ONLY,1,sbj_0,0.48725388135424913,0.4506172839506173,0.43950617283950616
VIDEO_ONLY,2,sbj_1,0.498824649174814,0.4415123456790124,0.44058641975308643
VIDEO_ONLY,3,sbj_2,0.5852853462580768,0.5277777777777778,0.5365432098765432
VIDEO_ONLY,4,sbj_3,0.33511214865936295,0.2893173698729254,0.28223720723720724
VIDEO_ONLY,5,sbj_4,0.6304947009603228,0.6923611111111111,0.6933384773662551
VIDEO_ONLY,6,sbj_5,0.6519620073409466,0.5805555555555556,0.5796296296296296
VIDEO_ONLY,7,sbj_6,0.5979112433261004,0.5138888888888888,0.5268518518518518
VIDEO_ONLY,8,sbj_7,0.647120584952981,0.5910493827160493,0.6167695473251028
VIDEO_ONLY,9,sbj_8,0.6874488432091562,0.6944444444444443,0.7055555555555554
VIDEO_ONLY,10,sbj_9,0.5466597861946961,0.48148148148148145,0.4777777777777777
VIDEO_ONLY,11,sbj_10,0.6227927010894837,0.6181069958847737,0.6148662551440329
VIDEO_ONLY,12,sbj_11,0.8011312065516215,0.8179012345679012,0.8117283950617283
VIDEO_ONLY,13,sbj_12,0.7566595413430188,0.6419753086419752,0.6456790123456789
VIDEO_ONLY,14,sbj_13,0.8128863336527427,0.7104938271604938,0.7064917695473252
VIDEO_ONLY,15,sbj_14,0.6614614586484415,0.6249999999999999,0.6255291005291005
VIDEO_ONLY,16,sbj_15,0.7554580519959654,0.7222222222222222,0.7129629629629629
VIDEO_ONLY,17,sbj_16,0.6704190453646315,0.683641975308642,0.6827160493827161
VIDEO_ONLY,18,sbj_17,0.8053747715210715,0.8194444444444443,0.8101851851851851
