seed,fold,subject,left_margin_attention_mass,core_attention_mass,right_margin_attention_mass
41,1,sbj_0,0.013013778254389763,0.9760145545005798,0.010971643030643463
41,2,sbj_1,0.009221335873007774,0.9817196726799011,0.009058999828994274
41,3,sbj_2,0.010306899435818195,0.9791696071624756,0.01052349153906107
41,4,sbj_3,0.009835884906351566,0.9801454544067383,0.010018689557909966
41,5,sbj_4,0.01255372166633606,0.9761170148849487,0.011329385451972485
41,6,sbj_5,0.01812303066253662,0.9705344438552856,0.01134250033646822
41,7,sbj_6,0.00862699281424284,0.9827577471733093,0.008615285158157349
41,8,sbj_7,0.01033870317041874,0.9821186065673828,0.007542761508375406
41,9,sbj_8,0.01001989096403122,0.9771757125854492,0.012804515659809113
41,10,sbj_9,0.009058468043804169,0.9799482226371765,0.010993310250341892
41,11,sbj_10,0.011522628366947174,0.9777042865753174,0.010773136280477047
41,12,sbj_11,0.00824254471808672,0.9817265272140503,0.01003088615834713
41,13,sbj_12,0.00819706916809082,0.9831878542900085,0.008615045808255672
41,14,sbj_13,0.006665760185569525,0.98602694272995,0.007307321764528751
41,15,sbj_14,0.012351255863904953,0.978108823299408,0.009539857506752014
41,16,sbj_15,0.009558165445923805,0.9808802604675293,0.009561559185385704
41,17,sbj_16,0.008081438019871712,0.9828681349754333,0.0090504614636302
41,18,sbj_17,0.012454505078494549,0.9774341583251953,0.010111300274729729
47,1,sbj_0,0.011811919510364532,0.976518988609314,0.011669117026031017
47,2,sbj_1,0.013418667949736118,0.9711824655532837,0.015398887917399406
47,3,sbj_2,0.01273142546415329,0.9773463010787964,0.009922279976308346
47,4,sbj_3,0.01120575051754713,0.9774930477142334,0.011301186867058277
47,5,sbj_4,0.010895391926169395,0.9754075407981873,0.01369701698422432
47,6,sbj_5,0.013142651878297329,0.9738689661026001,0.01298838946968317
47,7,sbj_6,0.008756574243307114,0.9812919497489929,0.009951393119990826
47,8,sbj_7,0.012960903346538544,0.9761263728141785,0.010912759229540825
47,9,sbj_8,0.010921841487288475,0.9778737425804138,0.01120441872626543
47,10,sbj_9,0.00823709461838007,0.9820165038108826,0.009746456518769264
47,11,sbj_10,0.009735352359712124,0.981380045413971,0.008884596638381481
47,12,sbj_11,0.0056305499747395515,0.9860645532608032,0.008304876275360584
47,13,sbj_12,0.00881767924875021,0.9841046929359436,0.007077592425048351
47,14,sbj_13,0.008739612065255642,0.980675220489502,0.01058520283550024
47,15,sbj_14,0.011304225772619247,0.9794134497642517,0.009282349608838558
47,16,sbj_15,0.009523041546344757,0.9823798537254333,0.00809708796441555
47,17,sbj_16,0.010024395771324635,0.979421079158783,0.010554580949246883
47,18,sbj_17,0.010923194698989391,0.979121208190918,0.00995558500289917
53,1,sbj_0,0.012431337498128414,0.9741306304931641,0.013437987305223942
53,2,sbj_1,0.012308614328503609,0.975185215473175,0.012506198137998581
53,3,sbj_2,0.01415000855922699,0.9724023342132568,0.013447758741676807
53,4,sbj_3,0.011533277109265327,0.9784013628959656,0.010065392591059208
53,5,sbj_4,0.010102923028171062,0.9787232875823975,0.011173722334206104
53,6,sbj_5,0.01977945864200592,0.9593621492385864,0.02085847035050392
53,7,sbj_6,0.008280660025775433,0.9840402603149414,0.007679128088057041
53,8,sbj_7,0.012654295191168785,0.9750248789787292,0.012320803478360176
53,9,sbj_8,0.010790897533297539,0.9797195196151733,0.009489599615335464
53,10,sbj_9,0.011440924368798733,0.9779747724533081,0.01058421190828085
53,11,sbj_10,0.010133553296327591,0.9774999618530273,0.01236644759774208
53,12,sbj_11,0.0106840580701828,0.9794707298278809,0.009845225140452385
53,13,sbj_12,0.009035734459757805,0.9814740419387817,0.009490189142525196
53,14,sbj_13,0.008425222709774971,0.9824411273002625,0.009133586660027504
53,15,sbj_14,0.012850303202867508,0.9750933647155762,0.012056298553943634
53,16,sbj_15,0.010235457681119442,0.9803904891014099,0.009373984299600124
53,17,sbj_16,0.008054040372371674,0.9826189279556274,0.009327082894742489
53,18,sbj_17,0.010835708118975163,0.9770269393920898,0.01213740836828947
